CREATE TABLE [Client] (
	ClientID INT NOT NULL PRIMARY KEY,
	ClientNotes VARCHAR(100),
	JoinDate DATE
);

CREATE TABLE [Contact] (
	ContactID INT NOT NULL PRIMARY KEY,
	ClientID INT NOT NULL FOREIGN KEY REFERENCES [Client],
	ClientName VARCHAR(30) NOT NULL,
	ClientEmail VARCHAR(40),
	ClientAddress VARCHAR(100),
	ClientPhoneNo VARCHAR(20)
);

CREATE TABLE [Dog] (
	DogID INT NOT NULL PRIMARY KEY,
	ClientID INT NOT NULL REFERENCES [Client],
	DogName VARCHAR(20) NOT NULL,
	DogDOB DATE,
	DogGender VARCHAR(1),
	DogType VARCHAR(20)
);

CREATE TABLE [Staff] (
	StaffID INT NOT NULL PRIMARY KEY,
	StaffName VARCHAR NOT NULL,
);

CREATE TABLE [AppointmentType] (
	AppointmentTypeID INT NOT NULL PRIMARY KEY,
	BaseTimeTaken INT NOT NULL,
	BasePrice DECIMAL NOT NULL,
	[Description] VARCHAR NOT NULL
);

CREATE TABLE [GroomingRoom] (
	GroomingRoomID INT NOT NULL PRIMARY KEY,
	GroomingRoomName VARCHAR NOT NULL,
	GroomingRoomNotes VARCHAR
);

CREATE TABLE [Appointment] (
	AppointmentID INT NOT NULL PRIMARY KEY,
	DogID INT NOT NULL FOREIGN KEY REFERENCES [Dog],
	AppointmentTypeID INT NOT NULL FOREIGN KEY REFERENCES [AppointmentType],
	StaffID INT NOT NULL FOREIGN KEY REFERENCES [Staff],
	IsInitialAppointment BIT NOT NULL,
	IncludesNailAndTeeth BIT NOT NULL,
	IsCancelled BIT NOT NULL,
	IsPaid BIT NOT NULL,
	Price DECIMAL NOT NULL,
	BookedInAdvanceDiscount DECIMAL(5,2),
	AppointmentTime DATETIME NOT NULL,
	InvoiceLastSent DATETIME,
	InvoicesSent INT NOT NULL,
	GroomingRoomID INT NOT NULL FOREIGN KEY REFERENCES [GroomingRoom]
);

--DROP TABLE Appointment;
--DROP TABLE GroomingRoom;
--DROP TABLE AppointmentType;
--DROP TABLE Staff;
--DROP TABLE Dog;
--DROP TABLE Contact;
--DROP TABLE Client;

INSERT INTO [Client] VALUES (0, 'Megan Crawford', '2015-04-02');
INSERT INTO [Contact] VALUES (0, 0, 'Claire Donaghy', 'cladonaghy3@coolmail.com', '28 Slaney Brae, Attical, Co. Down', '07700 900635');
INSERT INTO [Contact] VALUES (1, 0, 'Rachael Donaghy', 'rdonaghy@mycloud.com', '28 Slaney Brae, Attical, Co. Down', '028 9649 6415');
INSERT INTO [Dog] VALUES (0, 0, 'Anna', '2013-04-02', 'F', 'Unknown');
INSERT INTO [Client] VALUES (1, 'James Boyle', '2015-04-06');
INSERT INTO [Contact] VALUES (2, 1, 'Darragh Dickson', 'dardickson6@coolmail.com', '28 Tudor Oaks, Ballynahinch, Co. Down', '028 9649 6899');
INSERT INTO [Contact] VALUES (3, 1, 'Isla Dickson', 'idickson@neutronmail.ch', '28 Tudor Oaks, Ballynahinch, Co. Down', '07700 900653');
INSERT INTO [Dog] VALUES (1, 1, 'Nero', '2013-04-06', 'M', 'Unknown');
INSERT INTO [Dog] VALUES (2, 1, 'Gemma', '2015-04-06', 'F', 'Unknown');
INSERT INTO [Dog] VALUES (3, 1, 'Blaze', '2015-04-06', 'M', 'Unknown');
INSERT INTO [Client] VALUES (2, 'Sofia Collins', '2015-04-25');
INSERT INTO [Contact] VALUES (4, 2, 'Ryan Morrison', 'ryanmorrison88@mycloud.com', '37 Slaney Brae, Burren, Co. Down', '028 9649 6563');
INSERT INTO [Contact] VALUES (5, 2, 'Isabella Morrison', 'isabellamorrison@ymail.com', '37 Slaney Brae, Burren, Co. Down', '07700 900086');
INSERT INTO [Dog] VALUES (4, 2, 'Eddie', '2013-04-25', 'M', 'Unknown');
INSERT INTO [Dog] VALUES (5, 2, 'Mimi', '2014-04-25', 'F', 'Unknown');
INSERT INTO [Dog] VALUES (6, 2, 'Iggy', '2013-04-25', 'M', 'Unknown');
INSERT INTO [Client] VALUES (3, 'Lucy O"Neill', '2015-05-12');
INSERT INTO [Contact] VALUES (6, 3, 'Matthew Chambers', 'matchambers@mycloud.com', '14 Belmont Rd., Newcastle, Co. Down', '07700 900809');
INSERT INTO [Dog] VALUES (7, 3, 'Apollo', '2012-05-12', 'M', 'Unknown');
INSERT INTO [Dog] VALUES (8, 3, 'Abe', '2013-05-12', 'M', 'Unknown');
INSERT INTO [Client] VALUES (4, 'Molly Wallace', '2015-05-29');
INSERT INTO [Contact] VALUES (7, 4, 'Cameron Hall', 'chall32@ymail.com', '28 Mourne Grange, Balleyclare, Co. Antrim', '07700 900254');
INSERT INTO [Dog] VALUES (9, 4, 'Denver', '2014-05-29', 'M', 'Unknown');
INSERT INTO [Dog] VALUES (10, 4, 'Willow', '2009-05-29', 'F', 'Unknown');
INSERT INTO [Client] VALUES (5, 'Joseph Rice', '2015-06-15');
INSERT INTO [Contact] VALUES (8, 5, 'Ciara Conway', 'ciaraconway7@mail.co.uk', '16 Greystone Rd., Newry, Co. Down', '07700 900944');
INSERT INTO [Dog] VALUES (11, 5, 'Sky', '2011-06-15', 'F', 'Unknown');
INSERT INTO [Client] VALUES (6, 'Conor Campbell', '2015-07-01');
INSERT INTO [Contact] VALUES (9, 6, 'Cara Devlin', 'cardevlin5@perspective.com', '38 Racecourse Cl., Downpatrick, Co. Down', '07700 900458');
INSERT INTO [Contact] VALUES (10, 6, 'Megan Devlin', 'mdevlin@neutronmail.ch', '38 Racecourse Cl., Downpatrick, Co. Down', '07700 900419');
INSERT INTO [Dog] VALUES (12, 6, 'Julia', '2015-07-01', 'F', 'Unknown');
INSERT INTO [Dog] VALUES (13, 6, 'Max', '2014-07-01', 'M', 'Unknown');
INSERT INTO [Dog] VALUES (14, 6, 'Betty', '2015-07-01', 'F', 'Unknown');
INSERT INTO [Client] VALUES (7, 'Megan Donaghy', '2015-07-17');
INSERT INTO [Contact] VALUES (11, 7, 'Jason Ferguson', 'jasonferguson99@neutronmail.ch', '31 Seagoe Rd., Ballynahinch, Co. Down', '07700 900064');
INSERT INTO [Contact] VALUES (12, 7, 'Chelsea Ferguson', 'chelseaferguson84@ymail.com', '31 Seagoe Rd., Ballynahinch, Co. Down', '07700 900409');
INSERT INTO [Dog] VALUES (15, 7, 'Biscuit', '2013-07-17', 'F', 'Unknown');
INSERT INTO [Dog] VALUES (16, 7, 'Kona', '2014-07-17', 'F', 'Unknown');
INSERT INTO [Dog] VALUES (17, 7, 'Lulu', '2015-07-17', 'F', 'Unknown');
INSERT INTO [Client] VALUES (8, 'Holly Robinson', '2015-08-01');
INSERT INTO [Contact] VALUES (13, 8, 'Emma Bell', 'emmbell@ymail.com', '36 Mill Rd., Antrim, Co. Antrim', '07700 900136');
INSERT INTO [Contact] VALUES (14, 8, 'Ellie Bell', 'ebell@mycloud.com', '36 Mill Rd., Antrim, Co. Antrim', '028 9649 6722');
INSERT INTO [Dog] VALUES (18, 8, 'Katie', '2015-08-01', 'F', 'Unknown');
INSERT INTO [Dog] VALUES (19, 8, 'Nina', '2011-08-01', 'F', 'Unknown');
INSERT INTO [Dog] VALUES (20, 8, 'Avery', '2015-08-01', 'F', 'Unknown');
INSERT INTO [Client] VALUES (9, 'Corey Gilmore', '2015-08-15');
INSERT INTO [Contact] VALUES (15, 9, 'Olivia Duffy', 'oliviaduffy60@ymail.com', '25 West St., Newry, Co. Down', '028 9649 6585');
INSERT INTO [Contact] VALUES (16, 9, 'Charlie Duffy', 'cduffy@neutronmail.ch', '25 West St., Newry, Co. Down', '07700 900866');
INSERT INTO [Dog] VALUES (21, 9, 'Logan', '2014-08-15', 'M', 'Unknown');
INSERT INTO [Dog] VALUES (22, 9, 'Watson', '2014-08-15', 'M', 'Unknown');
INSERT INTO [Dog] VALUES (23, 9, 'Bailey', '2015-08-15', 'M', 'Unknown');
INSERT INTO [Client] VALUES (10, 'Abigail O"Connor', '2015-08-29');
INSERT INTO [Contact] VALUES (17, 10, 'Conor Hamilton', 'chamilton7@coolmail.com', '27 Moyad Rd., Dungannon, Co. Tyrone', '07700 900829');
INSERT INTO [Contact] VALUES (18, 10, 'Rebekah Hamilton', 'rebhamilton9@neutronmail.ch', '27 Moyad Rd., Dungannon, Co. Tyrone', '028 9649 6469');
INSERT INTO [Dog] VALUES (24, 10, 'Bubba', '2015-08-29', 'M', 'Unknown');
INSERT INTO [Dog] VALUES (25, 10, 'Rebel', '2015-08-29', 'M', 'Unknown');
INSERT INTO [Client] VALUES (11, 'Evie Gray', '2015-09-12');
INSERT INTO [Contact] VALUES (19, 11, 'Bella Hughes', 'bellahughes@mail.co.uk', '37 Kernan Rd., Coalisland, Co. Tyrone', '028 9649 6689');
INSERT INTO [Contact] VALUES (20, 11, 'Alexander Hughes', 'ahughes6@mail.co.uk', '37 Kernan Rd., Coalisland, Co. Tyrone', '07700 900621');
INSERT INTO [Dog] VALUES (26, 11, 'Wrigley', '2014-09-12', 'M', 'Unknown');
INSERT INTO [Dog] VALUES (27, 11, 'Annie', '2012-09-12', 'F', 'Unknown');
INSERT INTO [Client] VALUES (12, 'Noah Hill', '2015-09-26');
INSERT INTO [Contact] VALUES (21, 12, 'Ryan Rea', 'rrea@mail.co.uk', '7 Seagoe Rd., Newcastle, Co. Down', '028 9649 6748');
INSERT INTO [Dog] VALUES (28, 12, 'Yoshi', '2014-09-26', 'M', 'Unknown');
INSERT INTO [Dog] VALUES (29, 12, 'Milo', '2013-09-26', 'M', 'Unknown');
INSERT INTO [Dog] VALUES (30, 12, 'Alfie', '2014-09-26', 'M', 'Unknown');
INSERT INTO [Client] VALUES (13, 'Christopher Adams', '2015-10-09');
INSERT INTO [Contact] VALUES (22, 13, 'James Donaghy', 'jamdonaghy@coolmail.com', '4 Church St., Warrenpoint, Co. Down', '028 9649 6562');
INSERT INTO [Contact] VALUES (23, 13, 'Arthur Donaghy', 'artdonaghy89@ymail.com', '4 Church St., Warrenpoint, Co. Down', '07700 900791');
INSERT INTO [Dog] VALUES (31, 13, 'Evan', '2015-10-09', 'M', 'Unknown');
INSERT INTO [Dog] VALUES (32, 13, 'Lena', '2012-10-09', 'F', 'Unknown');
INSERT INTO [Client] VALUES (14, 'Scarlett Foster', '2015-10-22');
INSERT INTO [Contact] VALUES (24, 14, 'Isaac Kerr', 'isakerr@ymail.com', '9 Moyad Rd., Portadown, Co. Armagh', '07700 900846');
INSERT INTO [Contact] VALUES (25, 14, 'Paul Kerr', 'paulkerr62@mail.co.uk', '9 Moyad Rd., Portadown, Co. Armagh', '028 9649 6886');
INSERT INTO [Dog] VALUES (33, 14, 'Lady', '2015-10-22', 'F', 'Unknown');
INSERT INTO [Client] VALUES (15, 'Oran Black', '2015-11-03');
INSERT INTO [Contact] VALUES (26, 15, 'Jaxon Irwin', 'jaxirwin6@mail.co.uk', '28 Barrack St., Banbridge, Co. Down', '07700 900576');
INSERT INTO [Contact] VALUES (27, 15, 'Leo Irwin', 'lirwin@neutronmail.ch', '28 Barrack St., Banbridge, Co. Down', '028 9649 6461');
INSERT INTO [Dog] VALUES (34, 15, 'Apollo', '2013-11-03', 'M', 'Unknown');
INSERT INTO [Dog] VALUES (35, 15, 'Peaches', '2012-11-03', 'F', 'Unknown');
INSERT INTO [Client] VALUES (16, 'Catherine McAuley', '2015-11-15');
INSERT INTO [Contact] VALUES (28, 16, 'Conor Armstrong', 'carmstrong@perspective.com', '10 Lurgan Rd., Attical, Co. Down', '028 9649 6733');
INSERT INTO [Dog] VALUES (36, 16, 'Lucky', '2013-11-15', 'M', 'Unknown');
INSERT INTO [Dog] VALUES (37, 16, 'Leo', '2012-11-15', 'M', 'Unknown');
INSERT INTO [Dog] VALUES (38, 16, 'Captain', '2015-11-15', 'M', 'Unknown');
INSERT INTO [Client] VALUES (17, 'Kyle Quinn', '2015-11-27');
INSERT INTO [Contact] VALUES (29, 17, 'Alexander McNeill', 'alemcneill@mail.co.uk', '3 Doagh Rd., Dungannon, Co. Tyrone', '028 9649 6323');
INSERT INTO [Contact] VALUES (30, 17, 'Eimear McNeill', 'emcneill7@perspective.com', '3 Doagh Rd., Dungannon, Co. Tyrone', '028 9649 6523');
INSERT INTO [Dog] VALUES (39, 17, 'Benny', '2014-11-27', 'M', 'Unknown');
INSERT INTO [Dog] VALUES (40, 17, 'Mickey', '2014-11-27', 'M', 'Unknown');
INSERT INTO [Dog] VALUES (41, 17, 'Bruno', '2008-11-27', 'M', 'Unknown');
INSERT INTO [Client] VALUES (18, 'Callum Ross', '2015-12-09');
INSERT INTO [Contact] VALUES (31, 18, 'Nathan Douglas', 'natdouglas@perspective.com', '34 Kingsway Dr., Ballynahinch, Co. Down', '07700 900979');
INSERT INTO [Dog] VALUES (42, 18, 'Belle', '2015-12-09', 'F', 'Unknown');
INSERT INTO [Dog] VALUES (43, 18, 'Biscuit', '2015-12-09', 'F', 'Unknown');
INSERT INTO [Client] VALUES (19, 'David McCormick', '2015-12-20');
INSERT INTO [Contact] VALUES (32, 19, 'Leo Brennan', 'leobrennan@neutronmail.ch', '5 The Crescent, Antrim, Co. Antrim', '028 9649 6147');
INSERT INTO [Contact] VALUES (33, 19, 'Rebecca Brennan', 'rebbrennan1@mycloud.com', '5 The Crescent, Antrim, Co. Antrim', '07700 900353');
INSERT INTO [Dog] VALUES (44, 19, 'Rosie', '2014-12-20', 'F', 'Unknown');
INSERT INTO [Dog] VALUES (45, 19, 'Oakley', '2015-12-20', 'M', 'Unknown');
INSERT INTO [Dog] VALUES (46, 19, 'Darlene', '2014-12-20', 'F', 'Unknown');
INSERT INTO [Client] VALUES (20, 'Erin Jones', '2015-12-31');
INSERT INTO [Contact] VALUES (34, 20, 'Cillian Toner', 'ciltoner6@ymail.com', '36 Seagoe Rd., Balleyclare, Co. Antrim', '07700 900355');
INSERT INTO [Contact] VALUES (35, 20, 'Matthew Toner', 'mtoner6@mail.co.uk', '36 Seagoe Rd., Balleyclare, Co. Antrim', '028 9649 6006');
INSERT INTO [Dog] VALUES (47, 20, 'Olive', '2014-12-31', 'F', 'Unknown');
INSERT INTO [Dog] VALUES (48, 20, 'Riley', '2015-12-31', 'M', 'Unknown');
INSERT INTO [Dog] VALUES (49, 20, 'Phoebe', '2015-12-31', 'F', 'Unknown');
INSERT INTO [Client] VALUES (21, 'Charlie Morrow', '2016-01-11');
INSERT INTO [Contact] VALUES (36, 21, 'Logan Murray', 'logmurray9@coolmail.com', '14 Lagan Ct., Carryduff, Co. Down', '07700 900502');
INSERT INTO [Contact] VALUES (37, 21, 'Joshua Murray', 'josmurray@perspective.com', '14 Lagan Ct., Carryduff, Co. Down', '07700 900820');
INSERT INTO [Dog] VALUES (50, 21, 'Shiloh', '2016-01-11', 'F', 'Unknown');
INSERT INTO [Dog] VALUES (51, 21, 'Drew', '2016-01-11', 'M', 'Unknown');
INSERT INTO [Client] VALUES (22, 'Hannah Clarke', '2016-01-22');
INSERT INTO [Contact] VALUES (38, 22, 'Callum Curran', 'ccurran0@perspective.com', '30 Belmont Rd., Newry, Co. Armagh', '028 9649 6411');
INSERT INTO [Dog] VALUES (52, 22, 'Alden', '2016-01-22', 'M', 'Unknown');
INSERT INTO [Client] VALUES (23, 'Niall Wilson', '2016-02-02');
INSERT INTO [Contact] VALUES (39, 23, 'Abbie Hill', 'abbhill@coolmail.com', '11 Central Park, Craigavon, Co. Armagh', '028 9649 6692');
INSERT INTO [Contact] VALUES (40, 23, 'Naomi Hill', 'naohill@mycloud.com', '11 Central Park, Craigavon, Co. Armagh', '028 9649 6465');
INSERT INTO [Dog] VALUES (53, 23, 'Bear', '2016-02-02', 'M', 'Unknown');
INSERT INTO [Dog] VALUES (54, 23, 'Ash', '2014-02-02', 'M', 'Unknown');
INSERT INTO [Dog] VALUES (55, 23, 'Jada', '2016-02-02', 'F', 'Unknown');
INSERT INTO [Client] VALUES (24, 'James FitzPatrick', '2016-02-12');
INSERT INTO [Contact] VALUES (41, 24, 'Ciaran Magee', 'ciaranmagee42@coolmail.com', '31 Lurgan Rd., Newry, Co. Armagh', '028 9649 6337');
INSERT INTO [Contact] VALUES (42, 24, 'Ethan Magee', 'emagee75@mycloud.com', '31 Lurgan Rd., Newry, Co. Armagh', '07700 900391');
INSERT INTO [Dog] VALUES (56, 24, 'Tyler', '2013-02-12', 'M', 'Unknown');
INSERT INTO [Client] VALUES (25, 'Mark McAllister', '2016-02-22');
INSERT INTO [Contact] VALUES (43, 25, 'Melissa Irwin', 'mirwin0@ymail.com', '4 Tandragee Rd., Antrim, Co. Antrim', '07700 900517');
INSERT INTO [Dog] VALUES (57, 25, 'Gidget', '2013-02-22', 'F', 'Unknown');
INSERT INTO [Dog] VALUES (58, 25, 'Rockwell', '2015-02-22', 'M', 'Unknown');
INSERT INTO [Dog] VALUES (59, 25, 'Paris', '2016-02-22', 'F', 'Unknown');
INSERT INTO [Client] VALUES (26, 'Grace Gilmore', '2016-03-03');
INSERT INTO [Contact] VALUES (44, 26, 'Abigail Devlin', 'abidevlin@neutronmail.ch', '39 Kernan Rd., Craigavon, Co. Armagh', '028 9649 6841');
INSERT INTO [Contact] VALUES (45, 26, 'Eimear Devlin', 'eimdevlin04@mycloud.com', '39 Kernan Rd., Craigavon, Co. Armagh', '028 9649 6807');
INSERT INTO [Dog] VALUES (60, 26, 'Oliver', '2014-03-03', 'M', 'Unknown');
INSERT INTO [Dog] VALUES (61, 26, 'Griffin', '2016-03-03', 'M', 'Unknown');
INSERT INTO [Client] VALUES (27, 'Zara Murphy', '2016-03-13');
INSERT INTO [Contact] VALUES (46, 27, 'Niamh Hill', 'nhill@neutronmail.ch', '12 Belmont Rd., Downpatrick, Co. Down', '07700 900241');
INSERT INTO [Dog] VALUES (62, 27, 'Coco', '2015-03-13', 'M', 'Unknown');
INSERT INTO [Dog] VALUES (63, 27, 'Champ', '2015-03-13', 'M', 'Unknown');
INSERT INTO [Dog] VALUES (64, 27, 'Isabella', '2014-03-13', 'F', 'Unknown');
INSERT INTO [Client] VALUES (28, 'Oran Mullan', '2016-03-23');
INSERT INTO [Contact] VALUES (47, 28, 'Chloe McBride', 'chlmcbride26@ymail.com', '26 Island Rd., Craigavon, Co. Armagh', '07700 900410');
INSERT INTO [Contact] VALUES (48, 28, 'Courtney McBride', 'coumcbride8@neutronmail.ch', '26 Island Rd., Craigavon, Co. Armagh', '07700 900249');
INSERT INTO [Dog] VALUES (65, 28, 'Jasper', '2015-03-23', 'M', 'Unknown');
INSERT INTO [Dog] VALUES (66, 28, 'Emmett', '2016-03-23', 'M', 'Unknown');
INSERT INTO [Dog] VALUES (67, 28, 'Pebbles', '2013-03-23', 'F', 'Unknown');
INSERT INTO [Client] VALUES (29, 'Matthew Robinson', '2016-04-01');
INSERT INTO [Contact] VALUES (49, 29, 'Meabh Hamilton', 'meahamilton@ymail.com', '15 Spelga Ave., Carrickfergus, Co. Antrim', '07700 900958');
INSERT INTO [Dog] VALUES (68, 29, 'Blaze', '2016-04-01', 'M', 'Unknown');
INSERT INTO [Dog] VALUES (69, 29, 'Boomer', '2016-04-01', 'M', 'Unknown');
INSERT INTO [Client] VALUES (30, 'Sarah Keenan', '2016-04-11');
INSERT INTO [Contact] VALUES (50, 30, 'Sean Holmes', 'seanholmes@coolmail.com', '20 Slaney Brae, Carryduff, Co. Down', '028 9649 6858');
INSERT INTO [Dog] VALUES (70, 30, 'Miles', '2015-04-11', 'M', 'Unknown');
INSERT INTO [Dog] VALUES (71, 30, 'Paisley', '2014-04-11', 'F', 'Unknown');
INSERT INTO [Client] VALUES (31, 'Kate Kennedy', '2016-04-20');
INSERT INTO [Contact] VALUES (51, 31, 'Shannon Houston', 'shahouston@neutronmail.ch', '2 Mill Rd., Attical, Co. Down', '07700 900656');
INSERT INTO [Contact] VALUES (52, 31, 'Charlotte Houston', 'chouston22@neutronmail.ch', '2 Mill Rd., Attical, Co. Down', '028 9649 6439');
INSERT INTO [Dog] VALUES (72, 31, 'Rebel', '2015-04-20', 'M', 'Unknown');
INSERT INTO [Client] VALUES (32, 'Eoin Bell', '2016-04-29');
INSERT INTO [Contact] VALUES (53, 32, 'Caolan Mitchell', 'cmitchell78@ymail.com', '24 Seagoe Rd., Coalisland, Co. Tyrone', '028 9649 6799');
INSERT INTO [Contact] VALUES (54, 32, 'Callum Mitchell', 'callummitchell0@mail.co.uk', '24 Seagoe Rd., Coalisland, Co. Tyrone', '07700 900291');
INSERT INTO [Dog] VALUES (73, 32, 'Miley', '2013-04-29', 'F', 'Unknown');
INSERT INTO [Dog] VALUES (74, 32, 'Nell', '2014-04-29', 'F', 'Unknown');
INSERT INTO [Dog] VALUES (75, 32, 'Tyson', '2016-04-29', 'M', 'Unknown');
INSERT INTO [Client] VALUES (33, 'Joel Gordon', '2016-05-08');
INSERT INTO [Contact] VALUES (55, 33, 'Courtney Quinn', 'cquinn1@ymail.com', '14 Church St., Craigavon, Co. Armagh', '07700 900135');
INSERT INTO [Contact] VALUES (56, 33, 'Eimear Quinn', 'eimquinn1@neutronmail.ch', '14 Church St., Craigavon, Co. Armagh', '07700 900530');
INSERT INTO [Dog] VALUES (76, 33, 'Mackenzie', '2012-05-08', 'F', 'Unknown');
INSERT INTO [Dog] VALUES (77, 33, 'Foxy', '2014-05-08', 'F', 'Unknown');
INSERT INTO [Dog] VALUES (78, 33, 'Evan', '2013-05-08', 'M', 'Unknown');
INSERT INTO [Client] VALUES (34, 'Samuel Doherty', '2016-05-17');
INSERT INTO [Contact] VALUES (57, 34, 'Abigail Lavery', 'alavery66@perspective.com', '4 Bryansford Rd., Carrickfergus, Co. Antrim', '028 9649 6022');
INSERT INTO [Dog] VALUES (79, 34, 'Duchess', '2015-05-17', 'F', 'Unknown');
INSERT INTO [Dog] VALUES (80, 34, 'Juliet', '2013-05-17', 'F', 'Unknown');
INSERT INTO [Client] VALUES (35, 'Aaron Gallagher', '2016-05-25');
INSERT INTO [Contact] VALUES (58, 35, 'Caoimhe Nelson', 'caonelson37@mail.co.uk', '1 Windsor Hill, Banbridge, Co. Down', '028 9649 6048');
INSERT INTO [Contact] VALUES (59, 35, 'Lucy Nelson', 'lucnelson30@coolmail.com', '1 Windsor Hill, Banbridge, Co. Down', '07700 900956');
INSERT INTO [Dog] VALUES (81, 35, 'Baron', '2015-05-25', 'M', 'Unknown');
INSERT INTO [Dog] VALUES (82, 35, 'Teddy', '2015-05-25', 'M', 'Unknown');
INSERT INTO [Dog] VALUES (83, 35, 'Winston', '2016-05-25', 'M', 'Unknown');
INSERT INTO [Client] VALUES (36, 'Liam Martin', '2016-06-03');
INSERT INTO [Contact] VALUES (60, 36, 'Lucy Boyle', 'lucyboyle@mail.co.uk', '18 Blackthorn Park, Craigavon, Co. Armagh', '028 9649 6627');
INSERT INTO [Dog] VALUES (84, 36, 'Harper', '2015-06-03', 'F', 'Unknown');
INSERT INTO [Client] VALUES (37, 'Eimear McKeown', '2016-06-12');
INSERT INTO [Contact] VALUES (61, 37, 'Ethan Hamilton', 'ethhamilton21@coolmail.com', '25 Hillside Park, Kilkeel, Co. Down', '07700 900064');
INSERT INTO [Contact] VALUES (62, 37, 'Patrick Hamilton', 'pathamilton57@coolmail.com', '25 Hillside Park, Kilkeel, Co. Down', '028 9649 6658');
INSERT INTO [Dog] VALUES (85, 37, 'Sophie', '2015-06-12', 'F', 'Unknown');
INSERT INTO [Dog] VALUES (86, 37, 'Goldie', '2011-06-12', 'F', 'Unknown');
INSERT INTO [Dog] VALUES (87, 37, 'Henry', '2011-06-12', 'M', 'Unknown');
INSERT INTO [Client] VALUES (38, 'Thomas Moore', '2016-06-20');
INSERT INTO [Contact] VALUES (63, 38, 'Olivia Campbell', 'ocampbell@mycloud.com', '22 Doagh Rd., Attical, Co. Down', '028 9649 6290');
INSERT INTO [Contact] VALUES (64, 38, 'Patrick Campbell', 'pcampbell47@coolmail.com', '22 Doagh Rd., Attical, Co. Down', '07700 900269');
INSERT INTO [Dog] VALUES (88, 38, 'Sasha', '2013-06-20', 'F', 'Unknown');
INSERT INTO [Dog] VALUES (89, 38, 'Albert', '2014-06-20', 'M', 'Unknown');
INSERT INTO [Dog] VALUES (90, 38, 'Chewy', '2014-06-20', 'M', 'Unknown');
INSERT INTO [Client] VALUES (39, 'Jamie Kennedy', '2016-06-28');
INSERT INTO [Contact] VALUES (65, 39, 'Sean Boyd', 'sboyd8@perspective.com', '17 Steeple Rd., Banbridge, Co. Down', '028 9649 6399');
INSERT INTO [Contact] VALUES (66, 39, 'James Boyd', 'jamesboyd5@coolmail.com', '17 Steeple Rd., Banbridge, Co. Down', '028 9649 6078');
INSERT INTO [Dog] VALUES (91, 39, 'Bruno', '2013-06-28', 'M', 'Unknown');
INSERT INTO [Dog] VALUES (92, 39, 'Prince', '2015-06-28', 'M', 'Unknown');
INSERT INTO [Client] VALUES (40, 'Fionn Moore', '2016-07-06');
INSERT INTO [Contact] VALUES (67, 40, 'Courtney Carson', 'courtneycarson06@ymail.com', '3 Lurgan Rd., Carryduff, Co. Down', '07700 900546');
INSERT INTO [Contact] VALUES (68, 40, 'Reuben Carson', 'reucarson3@mail.co.uk', '3 Lurgan Rd., Carryduff, Co. Down', '028 9649 6226');
INSERT INTO [Dog] VALUES (93, 40, 'Olive', '2016-07-06', 'F', 'Unknown');
INSERT INTO [Dog] VALUES (94, 40, 'Archie', '2016-07-06', 'M', 'Unknown');
INSERT INTO [Client] VALUES (41, 'Harry McKeown', '2016-07-15');
INSERT INTO [Contact] VALUES (69, 41, 'Joseph Daly', 'jdaly@mail.co.uk', '33 Bridge Rd., Banbridge, Co. Down', '07700 900429');
INSERT INTO [Dog] VALUES (95, 41, 'Bingo', '2016-07-15', 'M', 'Unknown');
INSERT INTO [Client] VALUES (42, 'Amy O"Neill', '2016-07-23');
INSERT INTO [Contact] VALUES (70, 42, 'Ollie Robinson', 'ollierobinson@mycloud.com', '38 Racecourse Cl., Warrenpoint, Co. Down', '07700 900979');
INSERT INTO [Contact] VALUES (71, 42, 'Niamh Robinson', 'niamhrobinson76@ymail.com', '38 Racecourse Cl., Warrenpoint, Co. Down', '028 9649 6222');
INSERT INTO [Dog] VALUES (96, 42, 'Brutus', '2014-07-23', 'M', 'Unknown');
INSERT INTO [Client] VALUES (43, 'Leo McNeill', '2016-07-30');
INSERT INTO [Contact] VALUES (72, 43, 'Rose Hall', 'rosehall@ymail.com', '22 Bridge Rd., Newcastle, Co. Down', '028 9649 6846');
INSERT INTO [Contact] VALUES (73, 43, 'Jude Hall', 'jhall6@neutronmail.ch', '22 Bridge Rd., Newcastle, Co. Down', '028 9649 6114');
INSERT INTO [Dog] VALUES (97, 43, 'Oreo', '2016-07-30', 'F', 'Unknown');
INSERT INTO [Dog] VALUES (98, 43, 'Petey', '2014-07-30', 'M', 'Unknown');
INSERT INTO [Dog] VALUES (99, 43, 'Rex', '2016-07-30', 'M', 'Unknown');
INSERT INTO [Client] VALUES (44, 'Caoimhe Cochrane', '2016-08-07');
INSERT INTO [Contact] VALUES (74, 44, 'Hannah Graham', 'hannahgraham@mail.co.uk', '30 Blackthorn Park, Balleyclare, Co. Antrim', '07700 900468');
INSERT INTO [Contact] VALUES (75, 44, 'David Graham', 'dgraham17@coolmail.com', '30 Blackthorn Park, Balleyclare, Co. Antrim', '07700 900503');
INSERT INTO [Dog] VALUES (100, 44, 'Bianca', '2016-08-07', 'F', 'Unknown');
INSERT INTO [Dog] VALUES (101, 44, 'Gia', '2014-08-07', 'F', 'Unknown');
INSERT INTO [Client] VALUES (45, 'Eimear Ross', '2016-08-15');
INSERT INTO [Contact] VALUES (76, 45, 'Ben Logan', 'benlogan@mail.co.uk', '31 Lazy Hill, Warrenpoint, Co. Down', '07700 900926');
INSERT INTO [Dog] VALUES (102, 45, 'Noel', '2013-08-15', 'F', 'Unknown');
INSERT INTO [Client] VALUES (46, 'Oisin Higgins', '2016-08-23');
INSERT INTO [Contact] VALUES (77, 46, 'Ella Keenan', 'ekeenan80@mail.co.uk', '2 Greystone Rd., Newry, Co. Down', '07700 900290');
INSERT INTO [Dog] VALUES (103, 46, 'Fritz', '2015-08-23', 'M', 'Unknown');
INSERT INTO [Dog] VALUES (104, 46, 'Sammie', '2016-08-23', 'F', 'Unknown');
INSERT INTO [Client] VALUES (47, 'Amelia McConnell', '2016-08-30');
INSERT INTO [Contact] VALUES (78, 47, 'Nathan Donaghy', 'natdonaghy2@neutronmail.ch', '3 Pinewood Hill, Portadown, Co. Armagh', '028 9649 6309');
INSERT INTO [Dog] VALUES (105, 47, 'Bentley', '2014-08-30', 'M', 'Unknown');
INSERT INTO [Dog] VALUES (106, 47, 'Inez', '2015-08-30', 'F', 'Unknown');
INSERT INTO [Client] VALUES (48, 'Aine Kelly', '2016-09-07');
INSERT INTO [Contact] VALUES (79, 48, 'Molly Simpson', 'msimpson9@perspective.com', '39 Lurgan Rd., Burren, Co. Down', '07700 900587');
INSERT INTO [Contact] VALUES (80, 48, 'Oisin Simpson', 'oissimpson0@neutronmail.ch', '39 Lurgan Rd., Burren, Co. Down', '028 9649 6787');
INSERT INTO [Dog] VALUES (107, 48, 'Sammie', '2013-09-07', 'F', 'Unknown');
INSERT INTO [Client] VALUES (49, 'Cara Graham', '2016-09-14');
INSERT INTO [Contact] VALUES (81, 49, 'Oisin Watson', 'owatson1@mycloud.com', '26 Broadlands, Dromore, Co. Down', '028 9649 6123');
INSERT INTO [Dog] VALUES (108, 49, 'Honey', '2015-09-14', 'F', 'Unknown');
INSERT INTO [Client] VALUES (50, 'Reece McVeigh', '2016-09-21');
INSERT INTO [Contact] VALUES (82, 50, 'Willow Fleming', 'willowfleming04@coolmail.com', '22 Kernan Rd., Coalisland, Co. Tyrone', '028 9649 6004');
INSERT INTO [Contact] VALUES (83, 50, 'Thomas Fleming', 'thofleming@neutronmail.ch', '22 Kernan Rd., Coalisland, Co. Tyrone', '07700 900862');
INSERT INTO [Dog] VALUES (109, 50, 'Andy', '2012-09-21', 'M', 'Unknown');
INSERT INTO [Dog] VALUES (110, 50, 'Bentley', '2010-09-21', 'M', 'Unknown');
INSERT INTO [Dog] VALUES (111, 50, 'Gypsy', '2015-09-21', 'F', 'Unknown');
INSERT INTO [Client] VALUES (51, 'Harper Maguire', '2016-09-29');
INSERT INTO [Contact] VALUES (84, 51, 'Charlie Thompson', 'chathompson19@coolmail.com', '4 The Crescent, Newcastle, Co. Down', '028 9649 6301');
INSERT INTO [Contact] VALUES (85, 51, 'Joseph Thompson', 'jthompson78@neutronmail.ch', '4 The Crescent, Newcastle, Co. Down', '028 9649 6967');
INSERT INTO [Dog] VALUES (112, 51, 'Eli', '2013-09-29', 'M', 'Unknown');
INSERT INTO [Dog] VALUES (113, 51, 'Nola', '2015-09-29', 'F', 'Unknown');
INSERT INTO [Client] VALUES (52, 'Odhran Stewart', '2016-10-06');
INSERT INTO [Contact] VALUES (86, 52, 'Luke Gibson', 'lukegibson5@perspective.com', '8 Gilford Rd., Ballynahinch, Co. Down', '07700 900696');
INSERT INTO [Contact] VALUES (87, 52, 'Reuben Gibson', 'rgibson2@perspective.com', '8 Gilford Rd., Ballynahinch, Co. Down', '028 9649 6768');
INSERT INTO [Dog] VALUES (114, 52, 'Fisher', '2013-10-06', 'M', 'Unknown');
INSERT INTO [Dog] VALUES (115, 52, 'Brandy', '2014-10-06', 'F', 'Unknown');
INSERT INTO [Client] VALUES (53, 'Scott Smith', '2016-10-13');
INSERT INTO [Contact] VALUES (88, 53, 'Connor Neill', 'conneill99@mail.co.uk', '36 Mourne Grange, Dungannon, Co. Tyrone', '028 9649 6432');
INSERT INTO [Dog] VALUES (116, 53, 'Petey', '2016-10-13', 'M', 'Unknown');
INSERT INTO [Client] VALUES (54, 'Ava Hunter', '2016-10-20');
INSERT INTO [Contact] VALUES (89, 54, 'Rory Martin', 'rmartin11@mail.co.uk', '15 Windmill Ave, Attical, Co. Down', '07700 900405');
INSERT INTO [Contact] VALUES (90, 54, 'Jude Martin', 'judemartin@perspective.com', '15 Windmill Ave, Attical, Co. Down', '07700 900627');
INSERT INTO [Dog] VALUES (117, 54, 'Barkley', '2015-10-20', 'M', 'Unknown');
INSERT INTO [Dog] VALUES (118, 54, 'Camilla', '2015-10-20', 'F', 'Unknown');
INSERT INTO [Dog] VALUES (119, 54, 'Beau', '2016-10-20', 'M', 'Unknown');
INSERT INTO [Client] VALUES (55, 'Emma Clarke', '2016-10-27');
INSERT INTO [Contact] VALUES (91, 55, 'Arthur Hanna', 'ahanna@perspective.com', '36 Kingsway Dr., Burren, Co. Down', '07700 900881');
INSERT INTO [Contact] VALUES (92, 55, 'Callum Hanna', 'callumhanna1@neutronmail.ch', '36 Kingsway Dr., Burren, Co. Down', '028 9649 6091');
INSERT INTO [Dog] VALUES (120, 55, 'Bella', '2015-10-27', 'F', 'Unknown');
INSERT INTO [Client] VALUES (56, 'Callum Carson', '2016-11-03');
INSERT INTO [Contact] VALUES (93, 56, 'Catherine Patterson', 'catherinepatterson@mycloud.com', '27 Seagoe Rd., Balleyclare, Co. Antrim', '028 9649 6797');
INSERT INTO [Contact] VALUES (94, 56, 'Finn Patterson', 'finnpatterson9@coolmail.com', '27 Seagoe Rd., Balleyclare, Co. Antrim', '028 9649 6766');
INSERT INTO [Dog] VALUES (121, 56, 'Anna', '2012-11-03', 'F', 'Unknown');
INSERT INTO [Client] VALUES (57, 'Alexander McKee', '2016-11-10');
INSERT INTO [Contact] VALUES (95, 57, 'Olivia Armstrong', 'oliarmstrong@perspective.com', '36 Lurgan Rd., Banbridge, Co. Down', '07700 900790');
INSERT INTO [Dog] VALUES (122, 57, 'Buster', '2015-11-10', 'M', 'Unknown');
INSERT INTO [Dog] VALUES (123, 57, 'Freddy', '2015-11-10', 'M', 'Unknown');
INSERT INTO [Dog] VALUES (124, 57, 'Delilah', '2014-11-10', 'F', 'Unknown');
INSERT INTO [Client] VALUES (58, 'Ellen Weir', '2016-11-17');
INSERT INTO [Contact] VALUES (96, 58, 'Jonathan Bradley', 'jbradley14@ymail.com', '19 Pinewood Hill, Antrim, Co. Antrim', '028 9649 6468');
INSERT INTO [Dog] VALUES (125, 58, 'King', '2015-11-17', 'M', 'Unknown');
INSERT INTO [Dog] VALUES (126, 58, 'Sunny', '2016-11-17', 'F', 'Unknown');
INSERT INTO [Client] VALUES (59, 'Nathan Murray', '2016-11-24');
INSERT INTO [Contact] VALUES (97, 59, 'Cara King', 'carking93@mycloud.com', '38 Ardglass Rd., Warrenpoint, Co. Down', '028 9649 6376');
INSERT INTO [Dog] VALUES (127, 59, 'Julia', '2016-11-24', 'F', 'Unknown');
INSERT INTO [Dog] VALUES (128, 59, 'Hunter', '2016-11-24', 'M', 'Unknown');
INSERT INTO [Dog] VALUES (129, 59, 'Sasha', '2014-11-24', 'F', 'Unknown');
INSERT INTO [Client] VALUES (60, 'Lucy Martin', '2016-11-30');
INSERT INTO [Contact] VALUES (98, 60, 'Noah Boyd', 'nboyd1@coolmail.com', '25 Mill Rd., Portadown, Co. Armagh', '028 9649 6660');
INSERT INTO [Contact] VALUES (99, 60, 'Ryan Boyd', 'rboyd4@mail.co.uk', '25 Mill Rd., Portadown, Co. Armagh', '07700 900030');
INSERT INTO [Dog] VALUES (130, 60, 'Storm', '2016-11-30', 'M', 'Unknown');
INSERT INTO [Dog] VALUES (131, 60, 'Poppy', '2013-11-30', 'F', 'Unknown');
INSERT INTO [Client] VALUES (61, 'Aaron Rodgers', '2016-12-07');
INSERT INTO [Contact] VALUES (100, 61, 'William Robinson', 'williamrobinson22@coolmail.com', '14 Mill Rd., Craigavon, Co. Armagh', '028 9649 6449');
INSERT INTO [Contact] VALUES (101, 61, 'Dylan Robinson', 'dylanrobinson@mycloud.com', '14 Mill Rd., Craigavon, Co. Armagh', '028 9649 6951');
INSERT INTO [Dog] VALUES (132, 61, 'Radar', '2015-12-07', 'M', 'Unknown');
INSERT INTO [Dog] VALUES (133, 61, 'Jake', '2016-12-07', 'M', 'Unknown');
INSERT INTO [Client] VALUES (62, 'Ryan Simpson', '2016-12-14');
INSERT INTO [Contact] VALUES (102, 62, 'Chloe Loughran', 'cloughran05@mycloud.com', '33 Spelga Ave., Kilkeel, Co. Down', '028 9649 6876');
INSERT INTO [Contact] VALUES (103, 62, 'Jay Loughran', 'jayloughran@perspective.com', '33 Spelga Ave., Kilkeel, Co. Down', '07700 900162');
INSERT INTO [Dog] VALUES (134, 62, 'Sophia', '2013-12-14', 'F', 'Unknown');
INSERT INTO [Client] VALUES (63, 'Erin Gray', '2016-12-20');
INSERT INTO [Contact] VALUES (104, 63, 'Ronan McNally', 'ronmcnally06@perspective.com', '28 Mill Rd., Carryduff, Co. Down', '07700 900820');
INSERT INTO [Dog] VALUES (135, 63, 'Fritz', '2014-12-20', 'M', 'Unknown');
INSERT INTO [Dog] VALUES (136, 63, 'Rusty', '2015-12-20', 'M', 'Unknown');
INSERT INTO [Dog] VALUES (137, 63, 'Alexis', '2015-12-20', 'F', 'Unknown');
INSERT INTO [Client] VALUES (64, 'Liam Crawford', '2016-12-27');
INSERT INTO [Contact] VALUES (105, 64, 'Brooke Hamill', 'brohamill05@perspective.com', '18 Lagan Ct., Carrickfergus, Co. Antrim', '07700 900590');
INSERT INTO [Contact] VALUES (106, 64, 'Scott Hamill', 'scotthamill2@ymail.com', '18 Lagan Ct., Carrickfergus, Co. Antrim', '07700 900196');
INSERT INTO [Dog] VALUES (138, 64, 'Sam', '2016-12-27', 'F', 'Unknown');
INSERT INTO [Client] VALUES (65, 'Dylan Rafferty', '2017-01-02');
INSERT INTO [Contact] VALUES (107, 65, 'Eva Kelly', 'ekelly5@mycloud.com', '14 Tolleymore Rd., Newcastle, Co. Down', '028 9649 6072');
INSERT INTO [Dog] VALUES (139, 65, 'Hoss', '2017-01-02', 'M', 'Unknown');
INSERT INTO [Dog] VALUES (140, 65, 'Scarlet', '2014-01-02', 'F', 'Unknown');
INSERT INTO [Dog] VALUES (141, 65, 'Peaches', '2015-01-02', 'F', 'Unknown');
INSERT INTO [Client] VALUES (66, 'Ronan Neill', '2017-01-09');
INSERT INTO [Contact] VALUES (108, 66, 'Ryan Murphy', 'ryamurphy@mycloud.com', '6 Hillside Park, Downpatrick, Co. Down', '07700 900954');
INSERT INTO [Dog] VALUES (142, 66, 'Coco', '2012-01-09', 'M', 'Unknown');
INSERT INTO [Dog] VALUES (143, 66, 'Shiloh', '2015-01-09', 'M', 'Unknown');
INSERT INTO [Client] VALUES (67, 'Dylan Craig', '2017-01-15');
INSERT INTO [Contact] VALUES (109, 67, 'Rory Quigley', 'rorquigley42@ymail.com', '6 Racecourse Cl., Ballynahinch, Co. Down', '028 9649 6597');
INSERT INTO [Dog] VALUES (144, 67, 'Flash', '2014-01-15', 'M', 'Unknown');
INSERT INTO [Dog] VALUES (145, 67, 'Zelda', '2017-01-15', 'F', 'Unknown');
INSERT INTO [Dog] VALUES (146, 67, 'Tripp', '2010-01-15', 'M', 'Unknown');
INSERT INTO [Client] VALUES (68, 'Emily Wallace', '2017-01-22');
INSERT INTO [Contact] VALUES (110, 68, 'Ethan Hamilton', 'ehamilton09@ymail.com', '28 Connaught Park, Portadown, Co. Armagh', '07700 900714');
INSERT INTO [Contact] VALUES (111, 68, 'Eva Hamilton', 'evahamilton32@mycloud.com', '28 Connaught Park, Portadown, Co. Armagh', '028 9649 6456');
INSERT INTO [Dog] VALUES (147, 68, 'Aspen', '2015-01-22', 'F', 'Unknown');
INSERT INTO [Dog] VALUES (148, 68, 'Kelsey', '2014-01-22', 'F', 'Unknown');
INSERT INTO [Dog] VALUES (149, 68, 'Kelsey', '2014-01-22', 'F', 'Unknown');
INSERT INTO [Client] VALUES (69, 'Mark Neill', '2017-01-28');
INSERT INTO [Contact] VALUES (112, 69, 'Ellie Higgins', 'ellhiggins@mycloud.com', '21 Tolleymore Rd., Balleyclare, Co. Antrim', '07700 900966');
INSERT INTO [Contact] VALUES (113, 69, 'William Higgins', 'williamhiggins2@neutronmail.ch', '21 Tolleymore Rd., Balleyclare, Co. Antrim', '028 9649 6165');
INSERT INTO [Dog] VALUES (150, 69, 'Gigi', '2016-01-28', 'F', 'Unknown');
INSERT INTO [Dog] VALUES (151, 69, 'Sophia', '2016-01-28', 'F', 'Unknown');
INSERT INTO [Client] VALUES (70, 'Catherine Duffy', '2017-02-03');
INSERT INTO [Contact] VALUES (114, 70, 'Jessica McDowell', 'jesmcdowell4@mail.co.uk', '6 Moyad Rd., Coalisland, Co. Tyrone', '07700 900348');
INSERT INTO [Dog] VALUES (152, 70, 'Murphy', '2011-02-03', 'M', 'Unknown');
INSERT INTO [Dog] VALUES (153, 70, 'Isabella', '2017-02-03', 'F', 'Unknown');
INSERT INTO [Client] VALUES (71, 'Logan Agnew', '2017-02-09');
INSERT INTO [Contact] VALUES (115, 71, 'Niamh Montgomery', 'nmontgomery59@neutronmail.ch', '15 Barrack St., Ballynahinch, Co. Down', '028 9649 6118');
INSERT INTO [Dog] VALUES (154, 71, 'Sassy', '2014-02-09', 'F', 'Unknown');
INSERT INTO [Dog] VALUES (155, 71, 'Cleo', '2013-02-09', 'F', 'Unknown');
INSERT INTO [Client] VALUES (72, 'Jake Doherty', '2017-02-16');
INSERT INTO [Contact] VALUES (116, 72, 'Oliver Shields', 'oshields0@perspective.com', '21 Barrack St., Ballynahinch, Co. Down', '028 9649 6497');
INSERT INTO [Contact] VALUES (117, 72, 'David Shields', 'davidshields16@coolmail.com', '21 Barrack St., Ballynahinch, Co. Down', '028 9649 6423');
INSERT INTO [Dog] VALUES (156, 72, 'Prince', '2014-02-16', 'M', 'Unknown');
INSERT INTO [Client] VALUES (73, 'Eve McCrory', '2017-02-22');
INSERT INTO [Contact] VALUES (118, 73, 'Hannah O"Kane', 'hano"kane@neutronmail.ch', '14 Central Park, Coalisland, Co. Tyrone', '07700 900408');
INSERT INTO [Dog] VALUES (157, 73, 'Leo', '2014-02-22', 'M', 'Unknown');
INSERT INTO [Dog] VALUES (158, 73, 'Ralph', '2017-02-22', 'M', 'Unknown');
INSERT INTO [Client] VALUES (74, 'Fiadh Evans', '2017-02-28');
INSERT INTO [Contact] VALUES (119, 74, 'Daniel Mulholland', 'dmulholland8@coolmail.com', '3 Mourne Grange, Carryduff, Co. Down', '07700 900190');
INSERT INTO [Dog] VALUES (159, 74, 'Sunny', '2013-02-28', 'F', 'Unknown');
INSERT INTO [Dog] VALUES (160, 74, 'Grace', '2017-02-28', 'F', 'Unknown');
INSERT INTO [Dog] VALUES (161, 74, 'Louie', '2015-02-28', 'M', 'Unknown');
INSERT INTO [Client] VALUES (75, 'Olivia Boyle', '2017-03-06');
INSERT INTO [Contact] VALUES (120, 75, 'Joseph Ferguson', 'josephferguson7@mail.co.uk', '9 Kernan Rd., Dromore, Co. Down', '028 9649 6669');
INSERT INTO [Dog] VALUES (162, 75, 'Rufus', '2014-03-06', 'M', 'Unknown');
INSERT INTO [Dog] VALUES (163, 75, 'Gia', '2017-03-06', 'F', 'Unknown');
INSERT INTO [Client] VALUES (76, 'Rory Ward', '2017-03-12');
INSERT INTO [Contact] VALUES (121, 76, 'Arthur Boyle', 'artboyle54@mail.co.uk', '12 Steeple Rd., Burren, Co. Down', '07700 900580');
INSERT INTO [Contact] VALUES (122, 76, 'Alex Boyle', 'aboyle@mail.co.uk', '12 Steeple Rd., Burren, Co. Down', '028 9649 6207');
INSERT INTO [Dog] VALUES (164, 76, 'Griffin', '2016-03-12', 'M', 'Unknown');
INSERT INTO [Client] VALUES (77, 'Lewis Williamson', '2017-03-18');
INSERT INTO [Contact] VALUES (123, 77, 'Catherine Hamill', 'catherinehamill63@ymail.com', '13 Harbour Rd., Balleyclare, Co. Antrim', '028 9649 6527');
INSERT INTO [Contact] VALUES (124, 77, 'Zoe Hamill', 'zhamill@perspective.com', '13 Harbour Rd., Balleyclare, Co. Antrim', '07700 900804');
INSERT INTO [Dog] VALUES (165, 77, 'Harley', '2014-03-18', 'F', 'Unknown');
INSERT INTO [Dog] VALUES (166, 77, 'Dexter', '2017-03-18', 'M', 'Unknown');
INSERT INTO [Client] VALUES (78, 'Morgan McMahon', '2017-03-24');
INSERT INTO [Contact] VALUES (125, 78, 'Leah Campbell', 'leahcampbell@perspective.com', '31 Pinewood Hill, Carryduff, Co. Down', '028 9649 6088');
INSERT INTO [Dog] VALUES (167, 78, 'Sissy', '2014-03-24', 'F', 'Unknown');
INSERT INTO [Client] VALUES (79, 'Patrick Evans', '2017-03-30');
INSERT INTO [Contact] VALUES (126, 79, 'Sam Hunter', 'samhunter@mail.co.uk', '20 Mill Rd., Craigavon, Co. Armagh', '07700 900376');
INSERT INTO [Dog] VALUES (168, 79, 'Lucky', '2016-03-30', 'M', 'Unknown');
INSERT INTO [Dog] VALUES (169, 79, 'Ava', '2016-03-30', 'F', 'Unknown');
INSERT INTO [Dog] VALUES (170, 79, 'Libby', '2013-03-30', 'F', 'Unknown');
INSERT INTO [Client] VALUES (80, 'Joseph Kennedy', '2017-04-05');
INSERT INTO [Contact] VALUES (127, 80, 'Jake Gillespie', 'jgillespie5@coolmail.com', '33 Muskett Gardens, Newry, Co. Down', '028 9649 6988');
INSERT INTO [Contact] VALUES (128, 80, 'Megan Gillespie', 'megangillespie@coolmail.com', '33 Muskett Gardens, Newry, Co. Down', '07700 900409');
INSERT INTO [Dog] VALUES (171, 80, 'Winnie', '2016-04-05', 'F', 'Unknown');
INSERT INTO [Dog] VALUES (172, 80, 'Lewis', '2015-04-05', 'M', 'Unknown');
INSERT INTO [Client] VALUES (81, 'Harry Weir', '2017-04-11');
INSERT INTO [Contact] VALUES (129, 81, 'Shannon Campbell', 'shacampbell@mycloud.com', '4 Pinewood Hill, Dungannon, Co. Tyrone', '028 9649 6951');
INSERT INTO [Contact] VALUES (130, 81, 'Caitlin Campbell', 'caitlincampbell59@neutronmail.ch', '4 Pinewood Hill, Dungannon, Co. Tyrone', '07700 900708');
INSERT INTO [Dog] VALUES (173, 81, 'Edie', '2017-04-11', 'F', 'Unknown');
INSERT INTO [Dog] VALUES (174, 81, 'Snickers', '2016-04-11', 'F', 'Unknown');
INSERT INTO [Client] VALUES (82, 'Rebecca Curran', '2017-04-17');
INSERT INTO [Contact] VALUES (131, 82, 'Lauren Black', 'lblack8@mycloud.com', '1 Hillside Park, Portadown, Co. Armagh', '07700 900648');
INSERT INTO [Dog] VALUES (175, 82, 'Scarlet', '2013-04-17', 'F', 'Unknown');
INSERT INTO [Client] VALUES (83, 'Olivia Reid', '2017-04-23');
INSERT INTO [Contact] VALUES (132, 83, 'Jamie Doherty', 'jdoherty51@ymail.com', '39 Lagan Ct., Banbridge, Co. Down', '028 9649 6010');
INSERT INTO [Contact] VALUES (133, 83, 'Aimee Doherty', 'aimeedoherty2@ymail.com', '39 Lagan Ct., Banbridge, Co. Down', '07700 900007');
INSERT INTO [Dog] VALUES (176, 83, 'Star', '2017-04-23', 'F', 'Unknown');
INSERT INTO [Dog] VALUES (177, 83, 'Millie', '2013-04-23', 'F', 'Unknown');
INSERT INTO [Dog] VALUES (178, 83, 'George', '2016-04-23', 'M', 'Unknown');
INSERT INTO [Client] VALUES (84, 'Annie McDonald', '2017-04-29');
INSERT INTO [Contact] VALUES (134, 84, 'David Elliott', 'delliott4@ymail.com', '17 Daisy Hill, Dungannon, Co. Tyrone', '028 9649 6364');
INSERT INTO [Dog] VALUES (179, 84, 'Ginger', '2016-04-29', 'F', 'Unknown');
INSERT INTO [Client] VALUES (85, 'Sarah O"Neill', '2017-05-05');
INSERT INTO [Contact] VALUES (135, 85, 'David McNeill', 'davidmcneill@ymail.com', '13 Reader"s Way, Newry, Co. Armagh', '07700 900189');
INSERT INTO [Contact] VALUES (136, 85, 'Hannah McNeill', 'hannahmcneill7@perspective.com', '13 Reader"s Way, Newry, Co. Armagh', '028 9649 6908');
INSERT INTO [Dog] VALUES (180, 85, 'Chance', '2015-05-05', 'M', 'Unknown');
INSERT INTO [Dog] VALUES (181, 85, 'Lucky', '2016-05-05', 'F', 'Unknown');
INSERT INTO [Dog] VALUES (182, 85, 'Foxy', '2015-05-05', 'F', 'Unknown');
INSERT INTO [Client] VALUES (86, 'Amy McIntyre', '2017-05-10');
INSERT INTO [Contact] VALUES (137, 86, 'Zara Burke', 'zaraburke@coolmail.com', '22 Tolleymore Rd., Carrickfergus, Co. Antrim', '028 9649 6763');
INSERT INTO [Contact] VALUES (138, 86, 'Jack Burke', 'jburke@perspective.com', '22 Tolleymore Rd., Carrickfergus, Co. Antrim', '07700 900669');
INSERT INTO [Dog] VALUES (183, 86, 'Yukon', '2017-05-10', 'M', 'Unknown');
INSERT INTO [Dog] VALUES (184, 86, 'Juno', '2014-05-10', 'F', 'Unknown');
INSERT INTO [Client] VALUES (87, 'Jodie Chambers', '2017-05-16');
INSERT INTO [Contact] VALUES (139, 87, 'Abbie Curran', 'abbcurran42@neutronmail.ch', '28 Doagh Rd., Downpatrick, Co. Down', '07700 900425');
INSERT INTO [Dog] VALUES (185, 87, 'Gabby', '2017-05-16', 'F', 'Unknown');
INSERT INTO [Client] VALUES (88, 'Callum Loughran', '2017-05-22');
INSERT INTO [Contact] VALUES (140, 88, 'Joshua Holmes', 'jholmes4@perspective.com', '12 Island Rd., Newry, Co. Down', '07700 900062');
INSERT INTO [Dog] VALUES (186, 88, 'Levi', '2015-05-22', 'M', 'Unknown');
INSERT INTO [Dog] VALUES (187, 88, 'Nell', '2016-05-22', 'F', 'Unknown');
INSERT INTO [Client] VALUES (89, 'Evie Rice', '2017-05-28');
INSERT INTO [Contact] VALUES (141, 89, 'Harry Blair', 'harryblair8@neutronmail.ch', '22 Bryansford Rd., Newcastle, Co. Down', '07700 900217');
INSERT INTO [Contact] VALUES (142, 89, 'Annie Blair', 'annblair6@ymail.com', '22 Bryansford Rd., Newcastle, Co. Down', '07700 900377');
INSERT INTO [Dog] VALUES (188, 89, 'Bentley', '2017-05-28', 'M', 'Unknown');
INSERT INTO [Client] VALUES (90, 'Faith Murphy', '2017-06-02');
INSERT INTO [Contact] VALUES (143, 90, 'Connor Ferguson', 'connorferguson@mail.co.uk', '32 Daisy Hill, Ballynahinch, Co. Down', '028 9649 6141');
INSERT INTO [Dog] VALUES (189, 90, 'Mickey', '2016-06-02', 'M', 'Unknown');
INSERT INTO [Dog] VALUES (190, 90, 'Milo', '2014-06-02', 'M', 'Unknown');
INSERT INTO [Dog] VALUES (191, 90, 'Jasper', '2016-06-02', 'M', 'Unknown');
INSERT INTO [Client] VALUES (91, 'Ella Coyle', '2017-06-08');
INSERT INTO [Contact] VALUES (144, 91, 'Oisin Murphy', 'oisinmurphy6@mail.co.uk', '20 Slaney Brae, Downpatrick, Co. Down', '028 9649 6524');
INSERT INTO [Dog] VALUES (192, 91, 'Duchess', '2017-06-08', 'F', 'Unknown');
INSERT INTO [Client] VALUES (92, 'Sophie Wallace', '2017-06-14');
INSERT INTO [Contact] VALUES (145, 92, 'Jamie Doherty', 'jamiedoherty1@ymail.com', '14 Moss Ln., Newcastle, Co. Down', '07700 900721');
INSERT INTO [Contact] VALUES (146, 92, 'Holly Doherty', 'hdoherty51@coolmail.com', '14 Moss Ln., Newcastle, Co. Down', '028 9649 6731');
INSERT INTO [Dog] VALUES (193, 92, 'Freddy', '2015-06-14', 'M', 'Unknown');
INSERT INTO [Dog] VALUES (194, 92, 'Eddie', '2013-06-14', 'M', 'Unknown');
INSERT INTO [Client] VALUES (93, 'Aoife McCabe', '2017-06-19');
INSERT INTO [Contact] VALUES (147, 93, 'Amy Donnelly', 'amydonnelly1@ymail.com', '1 Tandragee Rd., Craigavon, Co. Armagh', '07700 900092');
INSERT INTO [Contact] VALUES (148, 93, 'William Donnelly', 'williamdonnelly0@ymail.com', '1 Tandragee Rd., Craigavon, Co. Armagh', '07700 900545');
INSERT INTO [Dog] VALUES (195, 93, 'Miles', '2017-06-19', 'M', 'Unknown');
INSERT INTO [Dog] VALUES (196, 93, 'Ginger', '2015-06-19', 'F', 'Unknown');
INSERT INTO [Client] VALUES (94, 'Aoife Walker', '2017-06-25');
INSERT INTO [Contact] VALUES (149, 94, 'Shannon Hamilton', 'shahamilton1@neutronmail.ch', '26 Tolleymore Rd., Newry, Co. Armagh', '07700 900955');
INSERT INTO [Contact] VALUES (150, 94, 'Joseph Hamilton', 'josephhamilton1@ymail.com', '26 Tolleymore Rd., Newry, Co. Armagh', '028 9649 6233');
INSERT INTO [Dog] VALUES (197, 94, 'Delia', '2015-06-25', 'F', 'Unknown');
INSERT INTO [Client] VALUES (95, 'Charlotte Irvine', '2017-07-01');
INSERT INTO [Contact] VALUES (151, 95, 'Jamie Gallagher', 'jamgallagher@neutronmail.ch', '33 Hampton Rise, Coalisland, Co. Tyrone', '07700 900030');
INSERT INTO [Dog] VALUES (198, 95, 'Taco', '2017-07-01', 'M', 'Unknown');
INSERT INTO [Dog] VALUES (199, 95, 'Sunny', '2015-07-01', 'F', 'Unknown');
INSERT INTO [Dog] VALUES (200, 95, 'Thor', '2013-07-01', 'M', 'Unknown');
INSERT INTO [Client] VALUES (96, 'Noah McDonald', '2017-07-06');
INSERT INTO [Contact] VALUES (152, 96, 'Lewis Taggart', 'ltaggart69@neutronmail.ch', '1 Kernan Rd., Ballynahinch, Co. Down', '028 9649 6544');
INSERT INTO [Contact] VALUES (153, 96, 'Emily Taggart', 'emitaggart1@mycloud.com', '1 Kernan Rd., Ballynahinch, Co. Down', '07700 900013');
INSERT INTO [Dog] VALUES (201, 96, 'Hazel', '2016-07-06', 'F', 'Unknown');
INSERT INTO [Client] VALUES (97, 'Cara Anderson', '2017-07-12');
INSERT INTO [Contact] VALUES (154, 97, 'Thomas O"Hagan', 'thomaso"hagan30@mail.co.uk', '19 Church St., Ballynahinch, Co. Down', '07700 900911');
INSERT INTO [Contact] VALUES (155, 97, 'Odhran O"Hagan', 'odho"hagan3@neutronmail.ch', '19 Church St., Ballynahinch, Co. Down', '028 9649 6449');
INSERT INTO [Dog] VALUES (202, 97, 'Athena', '2012-07-12', 'F', 'Unknown');
INSERT INTO [Dog] VALUES (203, 97, 'Pebbles', '2014-07-12', 'F', 'Unknown');
INSERT INTO [Dog] VALUES (204, 97, 'Bruce', '2012-07-12', 'M', 'Unknown');
INSERT INTO [Client] VALUES (98, 'Connor Wilson', '2017-07-17');
INSERT INTO [Contact] VALUES (156, 98, 'Patrick McBride', 'patmcbride22@mail.co.uk', '29 Harbour Rd., Downpatrick, Co. Down', '07700 900080');
INSERT INTO [Contact] VALUES (157, 98, 'Dylan McBride', 'dylanmcbride34@mail.co.uk', '29 Harbour Rd., Downpatrick, Co. Down', '07700 900227');
INSERT INTO [Dog] VALUES (205, 98, 'King', '2017-07-17', 'M', 'Unknown');
INSERT INTO [Dog] VALUES (206, 98, 'Sky', '2017-07-17', 'F', 'Unknown');
INSERT INTO [Dog] VALUES (207, 98, 'Benny', '2017-07-17', 'M', 'Unknown');
INSERT INTO [Client] VALUES (99, 'Archie Reid', '2017-07-23');
INSERT INTO [Contact] VALUES (158, 99, 'Logan Curran', 'logcurran@neutronmail.ch', '10 Greystone Rd., Dungannon, Co. Tyrone', '028 9649 6990');
INSERT INTO [Contact] VALUES (159, 99, 'Kyle Curran', 'kcurran@mail.co.uk', '10 Greystone Rd., Dungannon, Co. Tyrone', '07700 900537');
INSERT INTO [Dog] VALUES (208, 99, 'Diva', '2017-07-23', 'F', 'Unknown');
INSERT INTO [Dog] VALUES (209, 99, 'Wrigley', '2016-07-23', 'M', 'Unknown');
INSERT INTO [Dog] VALUES (210, 99, 'Georgia', '2017-07-23', 'F', 'Unknown');
INSERT INTO [Client] VALUES (100, 'Sophie Wilson', '2017-07-28');
INSERT INTO [Contact] VALUES (160, 100, 'Chloe Henry', 'chloehenry@ymail.com', '6 Broadlands, Newry, Co. Down', '028 9649 6079');
INSERT INTO [Dog] VALUES (211, 100, 'Elsa', '2014-07-28', 'F', 'Unknown');
INSERT INTO [Client] VALUES (101, 'Hannah Maguire', '2017-08-03');
INSERT INTO [Contact] VALUES (161, 101, 'Orla Brady', 'orlbrady@coolmail.com', '38 Greystone Rd., Coalisland, Co. Tyrone', '07700 900163');
INSERT INTO [Dog] VALUES (212, 101, 'Annie', '2017-08-03', 'F', 'Unknown');
INSERT INTO [Dog] VALUES (213, 101, 'Finn', '2015-08-03', 'M', 'Unknown');
INSERT INTO [Client] VALUES (102, 'Logan McGuigan', '2017-08-08');
INSERT INTO [Contact] VALUES (162, 102, 'Lily Johnston', 'ljohnston37@neutronmail.ch', '7 Grove Rd., Craigavon, Co. Armagh', '028 9649 6939');
INSERT INTO [Contact] VALUES (163, 102, 'Maisie Johnston', 'maisiejohnston89@neutronmail.ch', '7 Grove Rd., Craigavon, Co. Armagh', '07700 900006');
INSERT INTO [Dog] VALUES (214, 102, 'Ranger', '2017-08-08', 'M', 'Unknown');
INSERT INTO [Dog] VALUES (215, 102, 'Nikki', '2015-08-08', 'F', 'Unknown');
INSERT INTO [Client] VALUES (103, 'Thomas Connolly', '2017-08-14');
INSERT INTO [Contact] VALUES (164, 103, 'Cara Gillespie', 'caragillespie@perspective.com', '28 Gilford Rd., Coalisland, Co. Tyrone', '07700 900261');
INSERT INTO [Dog] VALUES (216, 103, 'Oreo', '2010-08-14', 'M', 'Unknown');
INSERT INTO [Dog] VALUES (217, 103, 'Austin', '2014-08-14', 'M', 'Unknown');
INSERT INTO [Client] VALUES (104, 'Molly Gilmore', '2017-08-19');
INSERT INTO [Contact] VALUES (165, 104, 'Eva McCloskey', 'evamccloskey22@perspective.com', '8 Rathmore, Ballynahinch, Co. Down', '028 9649 6357');
INSERT INTO [Contact] VALUES (166, 104, 'Christopher McCloskey', 'chrmccloskey38@perspective.com', '8 Rathmore, Ballynahinch, Co. Down', '028 9649 6674');
INSERT INTO [Dog] VALUES (218, 104, 'Sophia', '2017-08-19', 'F', 'Unknown');
INSERT INTO [Client] VALUES (105, 'Charlie Quinn', '2017-08-25');
INSERT INTO [Contact] VALUES (167, 105, 'Rachel Byrne', 'rachelbyrne3@mycloud.com', '33 Lagan Ct., Dromore, Co. Down', '028 9649 6849');
INSERT INTO [Dog] VALUES (219, 105, 'Callie', '2016-08-25', 'F', 'Unknown');
INSERT INTO [Client] VALUES (106, 'Jude Mulholland', '2017-08-30');
INSERT INTO [Contact] VALUES (168, 106, 'Ciara Loughran', 'ciaraloughran@ymail.com', '17 Rathmore, Newcastle, Co. Down', '07700 900960');
INSERT INTO [Dog] VALUES (220, 106, 'Ella', '2016-08-30', 'F', 'Unknown');
INSERT INTO [Dog] VALUES (221, 106, 'Madison', '2017-08-30', 'F', 'Unknown');
INSERT INTO [Dog] VALUES (222, 106, 'Kali', '2017-08-30', 'F', 'Unknown');
INSERT INTO [Client] VALUES (107, 'Jacob McGrath', '2017-09-05');
INSERT INTO [Contact] VALUES (169, 107, 'Shea Robinson', 'shearobinson1@neutronmail.ch', '19 West St., Coalisland, Co. Tyrone', '028 9649 6394');
INSERT INTO [Contact] VALUES (170, 107, 'Kyle Robinson', 'kylrobinson00@ymail.com', '19 West St., Coalisland, Co. Tyrone', '07700 900480');
INSERT INTO [Dog] VALUES (223, 107, 'Maddie', '2012-09-05', 'F', 'Unknown');
INSERT INTO [Client] VALUES (108, 'Thea Murphy', '2017-09-10');
INSERT INTO [Contact] VALUES (171, 108, 'Harry Kane', 'harrykane5@mail.co.uk', '3 Church St., Burren, Co. Down', '028 9649 6755');
INSERT INTO [Dog] VALUES (224, 108, 'Judge', '2015-09-10', 'M', 'Unknown');
INSERT INTO [Client] VALUES (109, 'Laura Gilmore', '2017-09-16');
INSERT INTO [Contact] VALUES (172, 109, 'Arthur Brown', 'arthurbrown@coolmail.com', '34 Broadlands, Burren, Co. Down', '07700 900283');
INSERT INTO [Dog] VALUES (225, 109, 'Rider', '2017-09-16', 'M', 'Unknown');
INSERT INTO [Dog] VALUES (226, 109, 'Shadow', '2017-09-16', 'F', 'Unknown');
INSERT INTO [Client] VALUES (110, 'Jack Martin', '2017-09-21');
INSERT INTO [Contact] VALUES (173, 110, 'Faith Holmes', 'faiholmes8@ymail.com', '24 Mill Rd., Kilkeel, Co. Down', '028 9649 6292');
INSERT INTO [Contact] VALUES (174, 110, 'Daniel Holmes', 'dholmes1@perspective.com', '24 Mill Rd., Kilkeel, Co. Down', '07700 900178');
INSERT INTO [Dog] VALUES (227, 110, 'Copper', '2017-09-21', 'M', 'Unknown');
INSERT INTO [Client] VALUES (111, 'Poppy McGrath', '2017-09-26');
INSERT INTO [Contact] VALUES (175, 111, 'Jessica Armstrong', 'jarmstrong76@coolmail.com', '15 Belmont Rd., Carrickfergus, Co. Antrim', '028 9649 6425');
INSERT INTO [Dog] VALUES (228, 111, 'Dane', '2017-09-26', 'M', 'Unknown');
INSERT INTO [Dog] VALUES (229, 111, 'Snickers', '2017-09-26', 'F', 'Unknown');
INSERT INTO [Dog] VALUES (230, 111, 'Rudy', '2017-09-26', 'M', 'Unknown');
INSERT INTO [Client] VALUES (112, 'Conor Elliott', '2017-10-02');
INSERT INTO [Contact] VALUES (176, 112, 'Ellen Hall', 'ellenhall6@mail.co.uk', '6 Windmill Ave, Craigavon, Co. Armagh', '028 9649 6031');
INSERT INTO [Contact] VALUES (177, 112, 'Liam Hall', 'liahall@mycloud.com', '6 Windmill Ave, Craigavon, Co. Armagh', '07700 900232');
INSERT INTO [Dog] VALUES (231, 112, 'Thor', '2017-10-02', 'M', 'Unknown');
INSERT INTO [Dog] VALUES (232, 112, 'Kobe', '2016-10-02', 'M', 'Unknown');
INSERT INTO [Client] VALUES (113, 'Ellie Mallon', '2017-10-07');
INSERT INTO [Contact] VALUES (178, 113, 'Caolan O"Donnell', 'caoo"donnell4@mycloud.com', '5 Pinewood Hill, Newcastle, Co. Down', '07700 900273');
INSERT INTO [Contact] VALUES (179, 113, 'Lily O"Donnell', 'lilyo"donnell15@mail.co.uk', '5 Pinewood Hill, Newcastle, Co. Down', '07700 900003');
INSERT INTO [Dog] VALUES (233, 113, 'Billy', '2013-10-07', 'M', 'Unknown');
INSERT INTO [Dog] VALUES (234, 113, 'Georgia', '2015-10-07', 'F', 'Unknown');
INSERT INTO [Dog] VALUES (235, 113, 'Scrappy', '2014-10-07', 'M', 'Unknown');
INSERT INTO [Client] VALUES (114, 'Eoin McAuley', '2017-10-13');
INSERT INTO [Contact] VALUES (180, 114, 'Reuben Campbell', 'rcampbell@coolmail.com', '1 Ardglass Rd., Craigavon, Co. Armagh', '07700 900896');
INSERT INTO [Dog] VALUES (236, 114, 'Simon', '2014-10-13', 'M', 'Unknown');
INSERT INTO [Dog] VALUES (237, 114, 'Maggie', '2015-10-13', 'F', 'Unknown');
INSERT INTO [Dog] VALUES (238, 114, 'Jada', '2017-10-13', 'F', 'Unknown');
INSERT INTO [Client] VALUES (115, 'Rachel Davis', '2017-10-18');
INSERT INTO [Contact] VALUES (181, 115, 'Anna Coulter', 'annacoulter6@neutronmail.ch', '24 Broadlands, Newcastle, Co. Down', '07700 900340');
INSERT INTO [Contact] VALUES (182, 115, 'Chelsea Coulter', 'ccoulter5@coolmail.com', '24 Broadlands, Newcastle, Co. Down', '028 9649 6013');
INSERT INTO [Dog] VALUES (239, 115, 'Leroy', '2017-10-18', 'M', 'Unknown');
INSERT INTO [Dog] VALUES (240, 115, 'Leia', '2017-10-18', 'F', 'Unknown');
INSERT INTO [Dog] VALUES (241, 115, 'Diva', '2016-10-18', 'F', 'Unknown');
INSERT INTO [Client] VALUES (116, 'Zoe Evans', '2017-10-23');
INSERT INTO [Contact] VALUES (183, 116, 'Niamh Martin', 'niamhmartin2@neutronmail.ch', '37 Lazy Hill, Burren, Co. Down', '07700 900324');
INSERT INTO [Contact] VALUES (184, 116, 'Adam Martin', 'adamartin@perspective.com', '37 Lazy Hill, Burren, Co. Down', '07700 900100');
INSERT INTO [Dog] VALUES (242, 116, 'Jessie', '2014-10-23', 'F', 'Unknown');
INSERT INTO [Client] VALUES (117, 'Ryan Kerr', '2017-10-29');
INSERT INTO [Contact] VALUES (185, 117, 'Olivia Gallagher', 'oligallagher@ymail.com', '14 Lurgan Rd., Newry, Co. Armagh', '028 9649 6266');
INSERT INTO [Contact] VALUES (186, 117, 'Caleb Gallagher', 'calebgallagher9@neutronmail.ch', '14 Lurgan Rd., Newry, Co. Armagh', '07700 900867');
INSERT INTO [Dog] VALUES (243, 117, 'Grace', '2015-10-29', 'F', 'Unknown');
INSERT INTO [Dog] VALUES (244, 117, 'CJ', '2017-10-29', 'M', 'Unknown');
INSERT INTO [Dog] VALUES (245, 117, 'Pixie', '2013-10-29', 'F', 'Unknown');
INSERT INTO [Client] VALUES (118, 'Annie Toner', '2017-11-03');
INSERT INTO [Contact] VALUES (187, 118, 'Ella McMullan', 'ellamcmullan@coolmail.com', '7 Moyad Rd., Portadown, Co. Armagh', '07700 900018');
INSERT INTO [Contact] VALUES (188, 118, 'Mia McMullan', 'miamcmullan@neutronmail.ch', '7 Moyad Rd., Portadown, Co. Armagh', '07700 900864');
INSERT INTO [Dog] VALUES (246, 118, 'Shamus', '2011-11-03', 'M', 'Unknown');
INSERT INTO [Dog] VALUES (247, 118, 'Mia', '2013-11-03', 'F', 'Unknown');
INSERT INTO [Client] VALUES (119, 'Orla Kelly', '2017-11-08');
INSERT INTO [Contact] VALUES (189, 119, 'Olivia Donnelly', 'olidonnelly86@mail.co.uk', '10 Central Park, Kilkeel, Co. Down', '028 9649 6173');
INSERT INTO [Contact] VALUES (190, 119, 'Rhys Donnelly', 'rhydonnelly9@ymail.com', '10 Central Park, Kilkeel, Co. Down', '07700 900640');
INSERT INTO [Dog] VALUES (248, 119, 'George', '2017-11-08', 'M', 'Unknown');
INSERT INTO [Dog] VALUES (249, 119, 'Ginger', '2014-11-08', 'F', 'Unknown');
INSERT INTO [Client] VALUES (120, 'Katie Marshall', '2017-11-14');
INSERT INTO [Contact] VALUES (191, 120, 'Isaac Martin', 'isamartin@perspective.com', '9 Doagh Rd., Carryduff, Co. Down', '07700 900357');
INSERT INTO [Contact] VALUES (192, 120, 'David Martin', 'davmartin3@mail.co.uk', '9 Doagh Rd., Carryduff, Co. Down', '028 9649 6015');
INSERT INTO [Dog] VALUES (250, 120, 'Diva', '2015-11-14', 'F', 'Unknown');
INSERT INTO [Client] VALUES (121, 'Michael Doherty', '2017-11-19');
INSERT INTO [Contact] VALUES (193, 121, 'Shea Stewart', 'sstewart60@perspective.com', '7 Connaught Park, Warrenpoint, Co. Down', '07700 900932');
INSERT INTO [Dog] VALUES (251, 121, 'Louie', '2017-11-19', 'M', 'Unknown');
INSERT INTO [Client] VALUES (122, 'Evie Houston', '2017-11-24');
INSERT INTO [Contact] VALUES (194, 122, 'Ava Doherty', 'adoherty78@perspective.com', '22 West St., Kilkeel, Co. Down', '028 9649 6371');
INSERT INTO [Dog] VALUES (252, 122, 'Lulu', '2013-11-24', 'F', 'Unknown');
INSERT INTO [Client] VALUES (123, 'Liam Quinn', '2017-11-30');
INSERT INTO [Contact] VALUES (195, 123, 'Samuel Patterson', 'sampatterson89@mail.co.uk', '27 Connaught Park, Newcastle, Co. Down', '07700 900810');
INSERT INTO [Dog] VALUES (253, 123, 'Diesel', '2016-11-30', 'M', 'Unknown');
INSERT INTO [Dog] VALUES (254, 123, 'Leo', '2016-11-30', 'M', 'Unknown');
INSERT INTO [Dog] VALUES (255, 123, 'Rockwell', '2013-11-30', 'M', 'Unknown');
INSERT INTO [Client] VALUES (124, 'Nicole Robinson', '2017-12-05');
INSERT INTO [Contact] VALUES (196, 124, 'Megan Evans', 'megevans@mail.co.uk', '14 Ardglass Rd., Carrickfergus, Co. Antrim', '07700 900515');
INSERT INTO [Dog] VALUES (256, 124, 'Fanny', '2014-12-05', 'F', 'Unknown');
INSERT INTO [Dog] VALUES (257, 124, 'Samantha', '2016-12-05', 'F', 'Unknown');
INSERT INTO [Client] VALUES (125, 'Zara O"Kane', '2017-12-10');
INSERT INTO [Contact] VALUES (197, 125, 'Charlie O"Kane', 'co"kane4@neutronmail.ch', '8 Harbour Rd., Banbridge, Co. Down', '07700 900141');
INSERT INTO [Contact] VALUES (198, 125, 'Ellen O"Kane', 'elleno"kane@perspective.com', '8 Harbour Rd., Banbridge, Co. Down', '028 9649 6375');
INSERT INTO [Dog] VALUES (258, 125, 'Xena', '2015-12-10', 'F', 'Unknown');
INSERT INTO [Dog] VALUES (259, 125, 'Tank', '2015-12-10', 'M', 'Unknown');
INSERT INTO [Dog] VALUES (260, 125, 'Autumn', '2015-12-10', 'F', 'Unknown');
INSERT INTO [Client] VALUES (126, 'William O"Kane', '2017-12-16');
INSERT INTO [Contact] VALUES (199, 126, 'Matthew Patterson', 'matpatterson@ymail.com', '18 Doagh Rd., Carrickfergus, Co. Antrim', '028 9649 6879');
INSERT INTO [Contact] VALUES (200, 126, 'Eimear Patterson', 'eimpatterson@mycloud.com', '18 Doagh Rd., Carrickfergus, Co. Antrim', '07700 900055');
INSERT INTO [Dog] VALUES (261, 126, 'Finn', '2012-12-16', 'M', 'Unknown');
INSERT INTO [Client] VALUES (127, 'Oisin Kennedy', '2017-12-21');
INSERT INTO [Contact] VALUES (201, 127, 'Sean Moore', 'smoore0@mail.co.uk', '6 Blackthorn Park, Coalisland, Co. Tyrone', '028 9649 6489');
INSERT INTO [Contact] VALUES (202, 127, 'Eva Moore', 'emoore79@mail.co.uk', '6 Blackthorn Park, Coalisland, Co. Tyrone', '028 9649 6290');
INSERT INTO [Dog] VALUES (262, 127, 'Odin', '2016-12-21', 'M', 'Unknown');
INSERT INTO [Dog] VALUES (263, 127, 'Buzz', '2017-12-21', 'M', 'Unknown');
INSERT INTO [Dog] VALUES (264, 127, 'Betsy', '2017-12-21', 'F', 'Unknown');
INSERT INTO [Client] VALUES (128, 'Victoria Kane', '2017-12-26');
INSERT INTO [Contact] VALUES (203, 128, 'Mason O"Hagan', 'masono"hagan64@coolmail.com', '5 Hillside Park, Dromore, Co. Down', '028 9649 6011');
INSERT INTO [Contact] VALUES (204, 128, 'Conor O"Hagan', 'co"hagan55@perspective.com', '5 Hillside Park, Dromore, Co. Down', '07700 900172');
INSERT INTO [Dog] VALUES (265, 128, 'Mackenzie', '2013-12-26', 'F', 'Unknown');
INSERT INTO [Client] VALUES (129, 'Aria Brown', '2018-01-01');
INSERT INTO [Contact] VALUES (205, 129, 'Lauren Burns', 'laurenburns91@neutronmail.ch', '4 Ardglass Rd., Newcastle, Co. Down', '07700 900808');
INSERT INTO [Contact] VALUES (206, 129, 'Christopher Burns', 'cburns@coolmail.com', '4 Ardglass Rd., Newcastle, Co. Down', '028 9649 6578');
INSERT INTO [Dog] VALUES (266, 129, 'Rudy', '2018-01-01', 'M', 'Unknown');
INSERT INTO [Dog] VALUES (267, 129, 'Brooklyn', '2016-01-01', 'F', 'Unknown');
INSERT INTO [Client] VALUES (130, 'Christopher Moore', '2018-01-06');
INSERT INTO [Contact] VALUES (207, 130, 'Brooke Wallace', 'brookewallace32@mail.co.uk', '27 Hampton Rise, Carryduff, Co. Down', '07700 900320');
INSERT INTO [Contact] VALUES (208, 130, 'Aine Wallace', 'ainewallace48@neutronmail.ch', '27 Hampton Rise, Carryduff, Co. Down', '07700 900812');
INSERT INTO [Dog] VALUES (268, 130, 'Johnny', '2016-01-06', 'M', 'Unknown');
INSERT INTO [Dog] VALUES (269, 130, 'Barney', '2017-01-06', 'M', 'Unknown');
INSERT INTO [Client] VALUES (131, 'Aimee Reid', '2018-01-12');
INSERT INTO [Contact] VALUES (209, 131, 'Thomas Houston', 'thomashouston2@coolmail.com', '36 Connaught Park, Downpatrick, Co. Down', '07700 900864');
INSERT INTO [Dog] VALUES (270, 131, 'Oreo', '2015-01-12', 'M', 'Unknown');
INSERT INTO [Client] VALUES (132, 'Megan McCann', '2018-01-17');
INSERT INTO [Contact] VALUES (210, 132, 'Jack Kelly', 'jkelly19@perspective.com', '32 Central Park, Ballynahinch, Co. Down', '07700 900092');
INSERT INTO [Dog] VALUES (271, 132, 'Bingo', '2017-01-17', 'M', 'Unknown');
INSERT INTO [Client] VALUES (133, 'Chloe Holmes', '2018-01-22');
INSERT INTO [Contact] VALUES (211, 133, 'Chloe Rafferty', 'crafferty8@coolmail.com', '32 Seagoe Rd., Newry, Co. Down', '07700 900934');
INSERT INTO [Dog] VALUES (272, 133, 'Emmy', '2014-01-22', 'F', 'Unknown');
INSERT INTO [Dog] VALUES (273, 133, 'Brutus', '2016-01-22', 'M', 'Unknown');
INSERT INTO [Client] VALUES (134, 'Abigail Allen', '2018-01-28');
INSERT INTO [Contact] VALUES (212, 134, 'Alexander Smyth', 'alexandersmyth2@neutronmail.ch', '28 Mill Rd., Warrenpoint, Co. Down', '07700 900466');
INSERT INTO [Dog] VALUES (274, 134, 'Callie', '2015-01-28', 'F', 'Unknown');
INSERT INTO [Dog] VALUES (275, 134, 'Karma', '2014-01-28', 'F', 'Unknown');
INSERT INTO [Dog] VALUES (276, 134, 'Greta', '2016-01-28', 'F', 'Unknown');
INSERT INTO [Client] VALUES (135, 'Reuben Holmes', '2018-02-02');
INSERT INTO [Contact] VALUES (213, 135, 'John Wilson', 'johnwilson7@coolmail.com', '31 Spelga Ave., Newry, Co. Down', '07700 900214');
INSERT INTO [Dog] VALUES (277, 135, 'Allie', '2018-02-02', 'F', 'Unknown');
INSERT INTO [Dog] VALUES (278, 135, 'Pandora', '2018-02-02', 'F', 'Unknown');
INSERT INTO [Dog] VALUES (279, 135, 'Angus', '2016-02-02', 'M', 'Unknown');
INSERT INTO [Client] VALUES (136, 'Michael Duffy', '2018-02-07');
INSERT INTO [Contact] VALUES (214, 136, 'Nathan Kennedy', 'nathankennedy@coolmail.com', '34 Blackthorn Park, Antrim, Co. Antrim', '07700 900357');
INSERT INTO [Contact] VALUES (215, 136, 'Lily Kennedy', 'lilkennedy@ymail.com', '34 Blackthorn Park, Antrim, Co. Antrim', '07700 900959');
INSERT INTO [Dog] VALUES (280, 136, 'Freddy', '2018-02-07', 'M', 'Unknown');
INSERT INTO [Client] VALUES (137, 'Erin Gallagher', '2018-02-13');
INSERT INTO [Contact] VALUES (216, 137, 'Conor Ferguson', 'cferguson74@neutronmail.ch', '22 Pinewood Hill, Downpatrick, Co. Down', '028 9649 6887');
INSERT INTO [Contact] VALUES (217, 137, 'Cameron Ferguson', 'cameronferguson28@perspective.com', '22 Pinewood Hill, Downpatrick, Co. Down', '07700 900928');
INSERT INTO [Dog] VALUES (281, 137, 'Felix', '2014-02-13', 'M', 'Unknown');
INSERT INTO [Dog] VALUES (282, 137, 'Riley', '2017-02-13', 'M', 'Unknown');
INSERT INTO [Dog] VALUES (283, 137, 'Baxter', '2016-02-13', 'M', 'Unknown');
INSERT INTO [Client] VALUES (138, 'Caitlin Irvine', '2018-02-18');
INSERT INTO [Contact] VALUES (218, 138, 'Ben Maguire', 'benmaguire@coolmail.com', '14 Spelga Ave., Warrenpoint, Co. Down', '07700 900080');
INSERT INTO [Contact] VALUES (219, 138, 'Daniel Maguire', 'dmaguire@mycloud.com', '14 Spelga Ave., Warrenpoint, Co. Down', '028 9649 6888');
INSERT INTO [Dog] VALUES (284, 138, 'Minnie', '2018-02-18', 'F', 'Unknown');
INSERT INTO [Dog] VALUES (285, 138, 'Sophia', '2017-02-18', 'F', 'Unknown');
INSERT INTO [Client] VALUES (139, 'Holly McMahon', '2018-02-23');
INSERT INTO [Contact] VALUES (220, 139, 'Adam Morgan', 'adamorgan1@mail.co.uk', '30 Greystone Rd., Attical, Co. Down', '07700 900358');
INSERT INTO [Contact] VALUES (221, 139, 'Charlotte Morgan', 'cmorgan@mail.co.uk', '30 Greystone Rd., Attical, Co. Down', '07700 900389');
INSERT INTO [Dog] VALUES (286, 139, 'Addie', '2017-02-23', 'F', 'Unknown');
INSERT INTO [Dog] VALUES (287, 139, 'Joey', '2015-02-23', 'M', 'Unknown');
INSERT INTO [Dog] VALUES (288, 139, 'Mya', '2017-02-23', 'F', 'Unknown');
INSERT INTO [Client] VALUES (140, 'Oliver Cairns', '2018-03-01');
INSERT INTO [Contact] VALUES (222, 140, 'Molly Adams', 'moladams74@mail.co.uk', '36 Greencastle Rd., Antrim, Co. Antrim', '07700 900442');
INSERT INTO [Contact] VALUES (223, 140, 'Shannon Adams', 'shannonadams03@mycloud.com', '36 Greencastle Rd., Antrim, Co. Antrim', '07700 900570');
INSERT INTO [Dog] VALUES (289, 140, 'Goldie', '2018-03-01', 'F', 'Unknown');
INSERT INTO [Client] VALUES (141, 'Emily Porter', '2018-03-06');
INSERT INTO [Contact] VALUES (224, 141, 'Jack Hall', 'jhall@coolmail.com', '19 Church St., Balleyclare, Co. Antrim', '07700 900378');
INSERT INTO [Dog] VALUES (290, 141, 'Otis', '2017-03-06', 'M', 'Unknown');
INSERT INTO [Dog] VALUES (291, 141, 'Liberty', '2014-03-06', 'F', 'Unknown');
INSERT INTO [Client] VALUES (142, 'Aimee Rodgers', '2018-03-11');
INSERT INTO [Contact] VALUES (225, 142, 'Cillian Elliott', 'cillianelliott@mail.co.uk', '30 Mourne Grange, Coalisland, Co. Tyrone', '07700 900540');
INSERT INTO [Contact] VALUES (226, 142, 'Aoife Elliott', 'aelliott35@perspective.com', '30 Mourne Grange, Coalisland, Co. Tyrone', '028 9649 6803');
INSERT INTO [Dog] VALUES (292, 142, 'Toby', '2015-03-11', 'M', 'Unknown');
INSERT INTO [Dog] VALUES (293, 142, 'Artie', '2014-03-11', 'M', 'Unknown');
INSERT INTO [Client] VALUES (143, 'Caitlin Simpson', '2018-03-17');
INSERT INTO [Contact] VALUES (227, 143, 'Connor Hamilton', 'connorhamilton7@ymail.com', '21 Hampton Rise, Newry, Co. Down', '07700 900001');
INSERT INTO [Dog] VALUES (294, 143, 'Violet', '2015-03-17', 'F', 'Unknown');
INSERT INTO [Dog] VALUES (295, 143, 'Liberty', '2018-03-17', 'F', 'Unknown');
INSERT INTO [Client] VALUES (144, 'Maisie Cunningham', '2018-03-22');
INSERT INTO [Contact] VALUES (228, 144, 'William Kerr', 'williamkerr80@perspective.com', '3 Belmont Rd., Burren, Co. Down', '07700 900478');
INSERT INTO [Contact] VALUES (229, 144, 'Oliver Kerr', 'oliverkerr@perspective.com', '3 Belmont Rd., Burren, Co. Down', '07700 900832');
INSERT INTO [Dog] VALUES (296, 144, 'Ringo', '2018-03-22', 'M', 'Unknown');
INSERT INTO [Dog] VALUES (297, 144, 'Casper', '2014-03-22', 'M', 'Unknown');
INSERT INTO [Dog] VALUES (298, 144, 'Barney', '2016-03-22', 'M', 'Unknown');
INSERT INTO [Client] VALUES (145, 'Ross Kerr', '2018-03-28');
INSERT INTO [Contact] VALUES (230, 145, 'Joseph Murphy', 'josephmurphy@ymail.com', '6 Hampton Rise, Newcastle, Co. Down', '07700 900315');
INSERT INTO [Dog] VALUES (299, 145, 'Maddie', '2017-03-28', 'F', 'Unknown');
INSERT INTO [Dog] VALUES (300, 145, 'Baron', '2018-03-28', 'M', 'Unknown');
INSERT INTO [Client] VALUES (146, 'Lee McVeigh', '2018-04-02');
INSERT INTO [Contact] VALUES (231, 146, 'Lucas Conway', 'lucconway87@ymail.com', '23 Bridge Rd., Burren, Co. Down', '028 9649 6695');
INSERT INTO [Dog] VALUES (301, 146, 'Morris', '2017-04-02', 'M', 'Unknown');
INSERT INTO [Dog] VALUES (302, 146, 'Basil', '2015-04-02', 'F', 'Unknown');
INSERT INTO [Client] VALUES (147, 'Thomas Maguire', '2018-04-07');
INSERT INTO [Contact] VALUES (232, 147, 'Erin Young', 'erinyoung96@perspective.com', '2 Seagoe Rd., Balleyclare, Co. Antrim', '07700 900623');
INSERT INTO [Contact] VALUES (233, 147, 'Jayden Young', 'jaydenyoung1@neutronmail.ch', '2 Seagoe Rd., Balleyclare, Co. Antrim', '07700 900425');
INSERT INTO [Dog] VALUES (303, 147, 'Nero', '2018-04-07', 'M', 'Unknown');
INSERT INTO [Dog] VALUES (304, 147, 'Shadow', '2016-04-07', 'M', 'Unknown');
INSERT INTO [Dog] VALUES (305, 147, 'Betsy', '2018-04-07', 'F', 'Unknown');
INSERT INTO [Client] VALUES (148, 'Aimee Beattie', '2018-04-13');
INSERT INTO [Contact] VALUES (234, 148, 'Dylan O"Donnell', 'do"donnell@coolmail.com', '30 Lazy Hill, Burren, Co. Down', '07700 900272');
INSERT INTO [Contact] VALUES (235, 148, 'Molly O"Donnell', 'molo"donnell7@ymail.com', '30 Lazy Hill, Burren, Co. Down', '07700 900475');
INSERT INTO [Dog] VALUES (306, 148, 'Morgan', '2016-04-13', 'F', 'Unknown');
INSERT INTO [Dog] VALUES (307, 148, 'Oakley', '2017-04-13', 'M', 'Unknown');
INSERT INTO [Client] VALUES (149, 'Samuel Robinson', '2018-04-18');
INSERT INTO [Contact] VALUES (236, 149, 'Sophie Gibson', 'sophiegibson@neutronmail.ch', '25 Bridge Rd., Banbridge, Co. Down', '028 9649 6018');
INSERT INTO [Contact] VALUES (237, 149, 'Andrew Gibson', 'andrewgibson@perspective.com', '25 Bridge Rd., Banbridge, Co. Down', '07700 900073');
INSERT INTO [Dog] VALUES (308, 149, 'Noel', '2018-04-18', 'F', 'Unknown');
INSERT INTO [Dog] VALUES (309, 149, 'Zeus', '2017-04-18', 'M', 'Unknown');
INSERT INTO [Dog] VALUES (310, 149, 'Carly', '2018-04-18', 'F', 'Unknown');
INSERT INTO [Client] VALUES (150, 'Emma Hughes', '2018-04-24');
INSERT INTO [Contact] VALUES (238, 150, 'Jake Rea', 'jrea@mycloud.com', '37 Belmont Rd., Carrickfergus, Co. Antrim', '07700 900353');
INSERT INTO [Dog] VALUES (311, 150, 'Star', '2018-04-24', 'F', 'Unknown');
INSERT INTO [Client] VALUES (151, 'Dylan McKeown', '2018-04-29');
INSERT INTO [Contact] VALUES (239, 151, 'Molly Doherty', 'mdoherty62@coolmail.com', '12 Spelga Ave., Dromore, Co. Down', '028 9649 6881');
INSERT INTO [Contact] VALUES (240, 151, 'Emma Doherty', 'edoherty63@perspective.com', '12 Spelga Ave., Dromore, Co. Down', '028 9649 6793');
INSERT INTO [Dog] VALUES (312, 151, 'Hank', '2015-04-29', 'M', 'Unknown');
INSERT INTO [Client] VALUES (152, 'Nicole Donnelly', '2018-05-05');
INSERT INTO [Contact] VALUES (241, 152, 'Caolan Watson', 'caowatson98@perspective.com', '13 Slaney Brae, Downpatrick, Co. Down', '028 9649 6812');
INSERT INTO [Contact] VALUES (242, 152, 'Caolan Watson', 'caowatson99@mail.co.uk', '13 Slaney Brae, Downpatrick, Co. Down', '028 9649 6300');
INSERT INTO [Dog] VALUES (313, 152, 'Ruby', '2017-05-05', 'F', 'Unknown');
INSERT INTO [Dog] VALUES (314, 152, 'Peanut', '2016-05-05', 'M', 'Unknown');
INSERT INTO [Client] VALUES (153, 'Cameron McConnell', '2018-05-10');
INSERT INTO [Contact] VALUES (243, 153, 'Ethan McDonald', 'emcdonald3@coolmail.com', '17 Mill Rd., Kilkeel, Co. Down', '07700 900544');
INSERT INTO [Dog] VALUES (315, 153, 'Maddie', '2016-05-10', 'F', 'Unknown');
INSERT INTO [Dog] VALUES (316, 153, 'Murphy', '2013-05-10', 'M', 'Unknown');
INSERT INTO [Dog] VALUES (317, 153, 'Hawkeye', '2016-05-10', 'M', 'Unknown');
INSERT INTO [Client] VALUES (154, 'Ruby Simpson', '2018-05-16');
INSERT INTO [Contact] VALUES (244, 154, 'Aimee Devine', 'adevine@neutronmail.ch', '5 Linnenhall St., Coalisland, Co. Tyrone', '028 9649 6837');
INSERT INTO [Contact] VALUES (245, 154, 'Abigail Devine', 'abigaildevine65@mycloud.com', '5 Linnenhall St., Coalisland, Co. Tyrone', '028 9649 6476');
INSERT INTO [Dog] VALUES (318, 154, 'Maximus', '2018-05-16', 'M', 'Unknown');
INSERT INTO [Dog] VALUES (319, 154, 'Princess', '2018-05-16', 'F', 'Unknown');
INSERT INTO [Client] VALUES (155, 'Caolan Kelly', '2018-05-21');
INSERT INTO [Contact] VALUES (246, 155, 'Leah Dickson', 'leadickson11@perspective.com', '27 Kingsway Dr., Antrim, Co. Antrim', '028 9649 6361');
INSERT INTO [Dog] VALUES (320, 155, 'Simon', '2016-05-21', 'M', 'Unknown');
INSERT INTO [Dog] VALUES (321, 155, 'Diva', '2018-05-21', 'F', 'Unknown');
INSERT INTO [Dog] VALUES (322, 155, 'Ivan', '2015-05-21', 'M', 'Unknown');
INSERT INTO [Client] VALUES (156, 'Jordan Henderson', '2018-05-27');
INSERT INTO [Contact] VALUES (247, 156, 'Zoe Reid', 'zreid2@neutronmail.ch', '15 Windsor Hill, Ballynahinch, Co. Down', '07700 900670');
INSERT INTO [Contact] VALUES (248, 156, 'Emily Reid', 'emireid34@ymail.com', '15 Windsor Hill, Ballynahinch, Co. Down', '07700 900304');
INSERT INTO [Dog] VALUES (323, 156, 'Ibby', '2018-05-27', 'F', 'Unknown');
INSERT INTO [Dog] VALUES (324, 156, 'Ruby', '2016-05-27', 'F', 'Unknown');
INSERT INTO [Dog] VALUES (325, 156, 'Matilda', '2018-05-27', 'F', 'Unknown');
INSERT INTO [Client] VALUES (157, 'Olivia Magee', '2018-06-01');
INSERT INTO [Contact] VALUES (249, 157, 'Ryan Irvine', 'rirvine@neutronmail.ch', '38 Bryansford Rd., Dromore, Co. Down', '028 9649 6940');
INSERT INTO [Contact] VALUES (250, 157, 'Rebecca Irvine', 'rebirvine@mail.co.uk', '38 Bryansford Rd., Dromore, Co. Down', '028 9649 6797');
INSERT INTO [Dog] VALUES (326, 157, 'Yogi', '2016-06-01', 'M', 'Unknown');
INSERT INTO [Client] VALUES (158, 'Conor Higgins', '2018-06-07');
INSERT INTO [Contact] VALUES (251, 158, 'Emily Sloan', 'esloan01@coolmail.com', '36 Rathmore, Ballynahinch, Co. Down', '07700 900532');
INSERT INTO [Contact] VALUES (252, 158, 'Harry Sloan', 'hsloan@ymail.com', '36 Rathmore, Ballynahinch, Co. Down', '07700 900525');
INSERT INTO [Dog] VALUES (327, 158, 'Yogi', '2018-06-07', 'M', 'Unknown');
INSERT INTO [Dog] VALUES (328, 158, 'Porter', '2016-06-07', 'M', 'Unknown');
INSERT INTO [Client] VALUES (159, 'Lucas O"Neill', '2018-06-12');
INSERT INTO [Contact] VALUES (253, 159, 'Abbie Maguire', 'abbiemaguire29@perspective.com', '4 Daisy Hill, Dungannon, Co. Tyrone', '028 9649 6201');
INSERT INTO [Contact] VALUES (254, 159, 'Harry Maguire', 'harmaguire@mycloud.com', '4 Daisy Hill, Dungannon, Co. Tyrone', '07700 900734');
INSERT INTO [Dog] VALUES (329, 159, 'Muffin', '2016-06-12', 'F', 'Unknown');
INSERT INTO [Client] VALUES (160, 'Bethany Wilson', '2018-06-18');
INSERT INTO [Contact] VALUES (255, 160, 'Ella Taylor', 'ellataylor50@mail.co.uk', '17 Windmill Ave, Antrim, Co. Antrim', '07700 900283');
INSERT INTO [Contact] VALUES (256, 160, 'Mia Taylor', 'mtaylor8@ymail.com', '17 Windmill Ave, Antrim, Co. Antrim', '028 9649 6043');
INSERT INTO [Dog] VALUES (330, 160, 'Copper', '2014-06-18', 'M', 'Unknown');
INSERT INTO [Dog] VALUES (331, 160, 'Remy', '2017-06-18', 'M', 'Unknown');
INSERT INTO [Client] VALUES (161, 'Aimee Craig', '2018-06-23');
INSERT INTO [Contact] VALUES (257, 161, 'Amy Allen', 'aallen29@coolmail.com', '33 Church St., Newcastle, Co. Down', '07700 900913');
INSERT INTO [Contact] VALUES (258, 161, 'Joshua Allen', 'josallen@mycloud.com', '33 Church St., Newcastle, Co. Down', '07700 900353');
INSERT INTO [Dog] VALUES (332, 161, 'Hope', '2015-06-23', 'F', 'Unknown');
INSERT INTO [Dog] VALUES (333, 161, 'Prince', '2014-06-23', 'M', 'Unknown');
INSERT INTO [Client] VALUES (162, 'Shannon Montgomery', '2018-06-29');
INSERT INTO [Contact] VALUES (259, 162, 'Sophie Gray', 'sophiegray2@mail.co.uk', '18 Pinewood Hill, Craigavon, Co. Armagh', '07700 900542');
INSERT INTO [Contact] VALUES (260, 162, 'Sarah Gray', 'sgray07@coolmail.com', '18 Pinewood Hill, Craigavon, Co. Armagh', '07700 900082');
INSERT INTO [Dog] VALUES (334, 162, 'Destiny', '2017-06-29', 'F', 'Unknown');
INSERT INTO [Dog] VALUES (335, 162, 'Biscuit', '2015-06-29', 'F', 'Unknown');
INSERT INTO [Dog] VALUES (336, 162, 'Jill', '2018-06-29', 'F', 'Unknown');
INSERT INTO [Client] VALUES (163, 'Leah McAuley', '2018-07-05');
INSERT INTO [Contact] VALUES (261, 163, 'Sean Morrison', 'smorrison05@coolmail.com', '6 The Crescent, Banbridge, Co. Down', '07700 900109');
INSERT INTO [Contact] VALUES (262, 163, 'Zoe Morrison', 'zmorrison3@perspective.com', '6 The Crescent, Banbridge, Co. Down', '07700 900376');
INSERT INTO [Dog] VALUES (337, 163, 'Brody', '2016-07-05', 'M', 'Unknown');
INSERT INTO [Dog] VALUES (338, 163, 'Piper', '2015-07-05', 'F', 'Unknown');
INSERT INTO [Dog] VALUES (339, 163, 'Priscilla', '2014-07-05', 'F', 'Unknown');
INSERT INTO [Client] VALUES (164, 'Zoe McManus', '2018-07-10');
INSERT INTO [Contact] VALUES (263, 164, 'Ben McLaughlin', 'benmclaughlin75@coolmail.com', '12 Lisburn St., Newry, Co. Armagh', '028 9649 6031');
INSERT INTO [Contact] VALUES (264, 164, 'Megan McLaughlin', 'mmclaughlin77@coolmail.com', '12 Lisburn St., Newry, Co. Armagh', '07700 900568');
INSERT INTO [Dog] VALUES (340, 164, 'Betsy', '2017-07-10', 'F', 'Unknown');
INSERT INTO [Client] VALUES (165, 'Eva Ferguson', '2018-07-16');
INSERT INTO [Contact] VALUES (265, 165, 'Ciaran Gibson', 'ciagibson@mail.co.uk', '15 Doagh Rd., Carryduff, Co. Down', '07700 900778');
INSERT INTO [Dog] VALUES (341, 165, 'Shiloh', '2018-07-16', 'F', 'Unknown');
INSERT INTO [Dog] VALUES (342, 165, 'Aries', '2017-07-16', 'M', 'Unknown');
INSERT INTO [Client] VALUES (166, 'Connor Hamilton', '2018-07-22');
INSERT INTO [Contact] VALUES (266, 166, 'Eoin Bell', 'eoibell1@mail.co.uk', '16 Church St., Downpatrick, Co. Down', '028 9649 6859');
INSERT INTO [Contact] VALUES (267, 166, 'Lucy Bell', 'lbell@ymail.com', '16 Church St., Downpatrick, Co. Down', '028 9649 6508');
INSERT INTO [Dog] VALUES (343, 166, 'Allie', '2012-07-22', 'F', 'Unknown');
INSERT INTO [Client] VALUES (167, 'Clodagh McKee', '2018-07-27');
INSERT INTO [Contact] VALUES (268, 167, 'Charlie Henry', 'charliehenry@mycloud.com', '30 Moyad Rd., Attical, Co. Down', '07700 900514');
INSERT INTO [Dog] VALUES (344, 167, 'Bailey', '2014-07-27', 'F', 'Unknown');
INSERT INTO [Dog] VALUES (345, 167, 'Abe', '2017-07-27', 'M', 'Unknown');
INSERT INTO [Dog] VALUES (346, 167, 'Theo', '2018-07-27', 'M', 'Unknown');
INSERT INTO [Client] VALUES (168, 'Jude McCabe', '2018-08-02');
INSERT INTO [Contact] VALUES (269, 168, 'Sophia Coulter', 'sopcoulter36@mycloud.com', '12 Mill Rd., Craigavon, Co. Armagh', '07700 900933');
INSERT INTO [Contact] VALUES (270, 168, 'Patrick Coulter', 'pcoulter@mail.co.uk', '12 Mill Rd., Craigavon, Co. Armagh', '028 9649 6253');
INSERT INTO [Dog] VALUES (347, 168, 'Winnie', '2017-08-02', 'F', 'Unknown');
INSERT INTO [Client] VALUES (169, 'Amber Burns', '2018-08-08');
INSERT INTO [Contact] VALUES (271, 169, 'Cora O"Donnell', 'coro"donnell0@neutronmail.ch', '38 Central Park, Balleyclare, Co. Antrim', '028 9649 6693');
INSERT INTO [Dog] VALUES (348, 169, 'Sugar', '2016-08-08', 'F', 'Unknown');
INSERT INTO [Dog] VALUES (349, 169, 'Ivan', '2018-08-08', 'M', 'Unknown');
INSERT INTO [Client] VALUES (170, 'Luke McKee', '2018-08-14');
INSERT INTO [Contact] VALUES (272, 170, 'Oisin Kelly', 'oisinkelly87@mycloud.com', '3 Bridge Rd., Kilkeel, Co. Down', '07700 900026');
INSERT INTO [Contact] VALUES (273, 170, 'Oliver Kelly', 'oliverkelly91@coolmail.com', '3 Bridge Rd., Kilkeel, Co. Down', '07700 900054');
INSERT INTO [Dog] VALUES (350, 170, 'Sierra', '2016-08-14', 'F', 'Unknown');
INSERT INTO [Dog] VALUES (351, 170, 'Reese', '2016-08-14', 'F', 'Unknown');
INSERT INTO [Client] VALUES (171, 'Clodagh Hamill', '2018-08-19');
INSERT INTO [Contact] VALUES (274, 171, 'Jay Loughran', 'jayloughran8@neutronmail.ch', '6 Newell Rd., Carryduff, Co. Down', '028 9649 6489');
INSERT INTO [Contact] VALUES (275, 171, 'Rachel Loughran', 'rloughran4@coolmail.com', '6 Newell Rd., Carryduff, Co. Down', '07700 900501');
INSERT INTO [Dog] VALUES (352, 171, 'Pippa', '2014-08-19', 'F', 'Unknown');
INSERT INTO [Dog] VALUES (353, 171, 'Diamond', '2014-08-19', 'F', 'Unknown');
INSERT INTO [Dog] VALUES (354, 171, 'Chase', '2014-08-19', 'M', 'Unknown');
INSERT INTO [Client] VALUES (172, 'Lucy Daly', '2018-08-25');
INSERT INTO [Contact] VALUES (276, 172, 'Sophie Montgomery', 'smontgomery33@perspective.com', '39 Blackthorn Park, Coalisland, Co. Tyrone', '07700 900565');
INSERT INTO [Contact] VALUES (277, 172, 'Nathan Montgomery', 'nathanmontgomery97@mycloud.com', '39 Blackthorn Park, Coalisland, Co. Tyrone', '028 9649 6074');
INSERT INTO [Dog] VALUES (355, 172, 'Mimi', '2017-08-25', 'F', 'Unknown');
INSERT INTO [Client] VALUES (173, 'Cormac Murphy', '2018-08-31');
INSERT INTO [Contact] VALUES (278, 173, 'Charlie Martin', 'chamartin23@mail.co.uk', '39 Hampton Rise, Carryduff, Co. Down', '028 9649 6235');
INSERT INTO [Contact] VALUES (279, 173, 'Katie Martin', 'katiemartin@coolmail.com', '39 Hampton Rise, Carryduff, Co. Down', '028 9649 6352');
INSERT INTO [Dog] VALUES (356, 173, 'Xena', '2016-08-31', 'F', 'Unknown');
INSERT INTO [Dog] VALUES (357, 173, 'Archie', '2011-08-31', 'M', 'Unknown');
INSERT INTO [Dog] VALUES (358, 173, 'Olive', '2016-08-31', 'F', 'Unknown');
INSERT INTO [Client] VALUES (174, 'Matthew Smyth', '2018-09-06');
INSERT INTO [Contact] VALUES (280, 174, 'Caitlin Watson', 'caitlinwatson97@mycloud.com', '35 Bryansford Rd., Antrim, Co. Antrim', '07700 900227');
INSERT INTO [Contact] VALUES (281, 174, 'Jodie Watson', 'jodwatson8@ymail.com', '35 Bryansford Rd., Antrim, Co. Antrim', '07700 900542');
INSERT INTO [Dog] VALUES (359, 174, 'Dane', '2017-09-06', 'M', 'Unknown');
INSERT INTO [Dog] VALUES (360, 174, 'Shiloh', '2016-09-06', 'F', 'Unknown');
INSERT INTO [Dog] VALUES (361, 174, 'Baron', '2016-09-06', 'M', 'Unknown');
INSERT INTO [Client] VALUES (175, 'Jamie Gray', '2018-09-12');
INSERT INTO [Contact] VALUES (282, 175, 'Ethan McCann', 'emccann@neutronmail.ch', '18 Kingsway Dr., Banbridge, Co. Down', '07700 900957');
INSERT INTO [Contact] VALUES (283, 175, 'Zara McCann', 'zaramccann3@mail.co.uk', '18 Kingsway Dr., Banbridge, Co. Down', '07700 900473');
INSERT INTO [Dog] VALUES (362, 175, 'Bailey', '2015-09-12', 'F', 'Unknown');
INSERT INTO [Client] VALUES (176, 'Rebecca Johnston', '2018-09-18');
INSERT INTO [Contact] VALUES (284, 176, 'Charlie McKay', 'chamckay@neutronmail.ch', '33 Windmill Ave, Newry, Co. Armagh', '07700 900456');
INSERT INTO [Dog] VALUES (363, 176, 'Ellie', '2017-09-18', 'F', 'Unknown');
INSERT INTO [Dog] VALUES (364, 176, 'Wally', '2016-09-18', 'M', 'Unknown');
INSERT INTO [Dog] VALUES (365, 176, 'Ranger', '2016-09-18', 'M', 'Unknown');
INSERT INTO [Client] VALUES (177, 'Brooke O"Kane', '2018-09-24');
INSERT INTO [Contact] VALUES (285, 177, 'Reuben Bradley', 'rbradley48@coolmail.com', '10 Moss Ln., Carryduff, Co. Down', '028 9649 6843');
INSERT INTO [Dog] VALUES (366, 177, 'Zane', '2013-09-24', 'M', 'Unknown');
INSERT INTO [Client] VALUES (178, 'Lewis Lennon', '2018-09-30');
INSERT INTO [Contact] VALUES (286, 178, 'Lucy Black', 'lblack5@mail.co.uk', '21 West St., Newry, Co. Down', '07700 900935');
INSERT INTO [Contact] VALUES (287, 178, 'Emma Black', 'emmblack@coolmail.com', '21 West St., Newry, Co. Down', '07700 900235');
INSERT INTO [Dog] VALUES (367, 178, 'Petey', '2016-09-30', 'M', 'Unknown');
INSERT INTO [Client] VALUES (179, 'Jessica Reilly', '2018-10-06');
INSERT INTO [Contact] VALUES (288, 179, 'Samuel Bradley', 'sbradley@ymail.com', '22 Island Rd., Newry, Co. Down', '07700 900976');
INSERT INTO [Contact] VALUES (289, 179, 'Joshua Bradley', 'josbradley@coolmail.com', '22 Island Rd., Newry, Co. Down', '07700 900323');
INSERT INTO [Dog] VALUES (368, 179, 'Katie', '2016-10-06', 'F', 'Unknown');
INSERT INTO [Dog] VALUES (369, 179, 'Aspen', '2018-10-06', 'F', 'Unknown');
INSERT INTO [Dog] VALUES (370, 179, 'Piper', '2018-10-06', 'F', 'Unknown');
INSERT INTO [Client] VALUES (180, 'Grace Brown', '2018-10-12');
INSERT INTO [Contact] VALUES (290, 180, 'William Brown', 'williambrown7@neutronmail.ch', '33 Hillside Park, Dungannon, Co. Tyrone', '028 9649 6562');
INSERT INTO [Dog] VALUES (371, 180, 'Carmela', '2015-10-12', 'F', 'Unknown');
INSERT INTO [Dog] VALUES (372, 180, 'Lulu', '2013-10-12', 'F', 'Unknown');
INSERT INTO [Dog] VALUES (373, 180, 'Buffy', '2017-10-12', 'F', 'Unknown');
INSERT INTO [Client] VALUES (181, 'Ronan Steele', '2018-10-18');
INSERT INTO [Contact] VALUES (291, 181, 'Oisin Doherty', 'oisindoherty@mail.co.uk', '10 Steeple Rd., Antrim, Co. Antrim', '028 9649 6909');
INSERT INTO [Dog] VALUES (374, 181, 'Gracie', '2015-10-18', 'F', 'Unknown');
INSERT INTO [Dog] VALUES (375, 181, 'Flash', '2018-10-18', 'M', 'Unknown');
INSERT INTO [Dog] VALUES (376, 181, 'Fern', '2017-10-18', 'F', 'Unknown');
INSERT INTO [Client] VALUES (182, 'Kathryn Cairns', '2018-10-24');
INSERT INTO [Contact] VALUES (292, 182, 'Ellen Doherty', 'edoherty72@mycloud.com', '34 Racecourse Cl., Craigavon, Co. Armagh', '07700 900559');
INSERT INTO [Contact] VALUES (293, 182, 'Mia Doherty', 'mdoherty30@neutronmail.ch', '34 Racecourse Cl., Craigavon, Co. Armagh', '07700 900225');
INSERT INTO [Dog] VALUES (377, 182, 'Olivia', '2016-10-24', 'F', 'Unknown');
INSERT INTO [Dog] VALUES (378, 182, 'Blondie', '2018-10-24', 'F', 'Unknown');
INSERT INTO [Client] VALUES (183, 'Eimear Campbell', '2018-10-30');
INSERT INTO [Contact] VALUES (294, 183, 'Ben McCann', 'benmccann15@perspective.com', '17 Grove Rd., Attical, Co. Down', '07700 900182');
INSERT INTO [Contact] VALUES (295, 183, 'Abbie McCann', 'abbiemccann1@perspective.com', '17 Grove Rd., Attical, Co. Down', '07700 900511');
INSERT INTO [Dog] VALUES (379, 183, 'Mika', '2015-10-30', 'F', 'Unknown');
INSERT INTO [Client] VALUES (184, 'Emily Murray', '2018-11-05');
INSERT INTO [Contact] VALUES (296, 184, 'Daniel Gibson', 'danielgibson79@ymail.com', '39 Tudor Oaks, Dungannon, Co. Tyrone', '07700 900960');
INSERT INTO [Contact] VALUES (297, 184, 'Joshua Gibson', 'joshuagibson1@ymail.com', '39 Tudor Oaks, Dungannon, Co. Tyrone', '028 9649 6802');
INSERT INTO [Dog] VALUES (380, 184, 'Poppy', '2015-11-05', 'F', 'Unknown');
INSERT INTO [Client] VALUES (185, 'Ruby Laverty', '2018-11-12');
INSERT INTO [Contact] VALUES (298, 185, 'Jack Woods', 'jwoods@mail.co.uk', '5 Blackthorn Park, Dromore, Co. Down', '028 9649 6701');
INSERT INTO [Dog] VALUES (381, 185, 'Kiki', '2015-11-12', 'F', 'Unknown');
INSERT INTO [Dog] VALUES (382, 185, 'Daphne', '2018-11-12', 'F', 'Unknown');
INSERT INTO [Dog] VALUES (383, 185, 'Tank', '2018-11-12', 'M', 'Unknown');
INSERT INTO [Client] VALUES (186, 'Caoimhe O"Hare', '2018-11-18');
INSERT INTO [Contact] VALUES (299, 186, 'Tara Daly', 'tardaly26@neutronmail.ch', '19 Meadowvale Park, Dromore, Co. Down', '07700 900523');
INSERT INTO [Contact] VALUES (300, 186, 'Zoe Daly', 'zdaly8@mycloud.com', '19 Meadowvale Park, Dromore, Co. Down', '028 9649 6430');
INSERT INTO [Dog] VALUES (384, 186, 'Fanny', '2017-11-18', 'F', 'Unknown');
INSERT INTO [Client] VALUES (187, 'Eva Campbell', '2018-11-24');
INSERT INTO [Contact] VALUES (301, 187, 'Abbie Brown', 'abrown5@mail.co.uk', '38 Bryansford Rd., Carryduff, Co. Down', '07700 900180');
INSERT INTO [Dog] VALUES (385, 187, 'Reese', '2017-11-24', 'F', 'Unknown');
INSERT INTO [Client] VALUES (188, 'Calum Graham', '2018-11-30');
INSERT INTO [Contact] VALUES (302, 188, 'Patrick White', 'patrickwhite@mail.co.uk', '9 Barrack St., Antrim, Co. Antrim', '028 9649 6885');
INSERT INTO [Dog] VALUES (386, 188, 'Carter', '2017-11-30', 'M', 'Unknown');
INSERT INTO [Dog] VALUES (387, 188, 'Rebel', '2018-11-30', 'M', 'Unknown');
INSERT INTO [Dog] VALUES (388, 188, 'Carla', '2017-11-30', 'F', 'Unknown');
INSERT INTO [Client] VALUES (189, 'Olivia O"Hagan', '2018-12-07');
INSERT INTO [Contact] VALUES (303, 189, 'Zara Cairns', 'zarcairns5@ymail.com', '29 Meadowvale Park, Carrickfergus, Co. Antrim', '07700 900117');
INSERT INTO [Dog] VALUES (389, 189, 'Betsy', '2014-12-07', 'F', 'Unknown');
INSERT INTO [Client] VALUES (190, 'Sean Carson', '2018-12-13');
INSERT INTO [Contact] VALUES (304, 190, 'Lucy Maguire', 'lucymaguire3@mycloud.com', '2 Hillside Park, Attical, Co. Down', '028 9649 6631');
INSERT INTO [Contact] VALUES (305, 190, 'Leah Maguire', 'lmaguire41@neutronmail.ch', '2 Hillside Park, Attical, Co. Down', '07700 900475');
INSERT INTO [Dog] VALUES (390, 190, 'Alice', '2017-12-13', 'F', 'Unknown');
INSERT INTO [Dog] VALUES (391, 190, 'Ariel', '2017-12-13', 'F', 'Unknown');
INSERT INTO [Client] VALUES (191, 'Adam Coyle', '2018-12-20');
INSERT INTO [Contact] VALUES (306, 191, 'Ryan McCullough', 'rmccullough49@mail.co.uk', '29 Steeple Rd., Dromore, Co. Down', '07700 900275');
INSERT INTO [Dog] VALUES (392, 191, 'Alyssa', '2018-12-20', 'F', 'Unknown');
INSERT INTO [Dog] VALUES (393, 191, 'Odin', '2013-12-20', 'M', 'Unknown');
INSERT INTO [Dog] VALUES (394, 191, 'Eden', '2017-12-20', 'F', 'Unknown');
INSERT INTO [Client] VALUES (192, 'John Loughran', '2018-12-26');
INSERT INTO [Contact] VALUES (307, 192, 'Ryan Gibson', 'rgibson20@mail.co.uk', '22 Broadlands, Banbridge, Co. Down', '07700 900173');
INSERT INTO [Contact] VALUES (308, 192, 'Charlotte Gibson', 'chagibson2@mycloud.com', '22 Broadlands, Banbridge, Co. Down', '028 9649 6475');
INSERT INTO [Dog] VALUES (395, 192, 'Dodge', '2012-12-26', 'M', 'Unknown');
INSERT INTO [Dog] VALUES (396, 192, 'Sammie', '2016-12-26', 'F', 'Unknown');
INSERT INTO [Client] VALUES (193, 'Leah Moore', '2019-01-02');
INSERT INTO [Contact] VALUES (309, 193, 'Matthew McBride', 'mmcbride8@ymail.com', '2 West St., Ballynahinch, Co. Down', '07700 900168');
INSERT INTO [Dog] VALUES (397, 193, 'Snickers', '2018-01-02', 'F', 'Unknown');
INSERT INTO [Dog] VALUES (398, 193, 'Destiny', '2015-01-02', 'F', 'Unknown');
INSERT INTO [Dog] VALUES (399, 193, 'Olivia', '2016-01-02', 'F', 'Unknown');
INSERT INTO [Client] VALUES (194, 'Oisin Connolly', '2019-01-08');
INSERT INTO [Contact] VALUES (310, 194, 'Jack McCloskey', 'jmccloskey@neutronmail.ch', '3 Ardglass Rd., Burren, Co. Down', '028 9649 6110');
INSERT INTO [Dog] VALUES (400, 194, 'Sophie', '2019-01-08', 'F', 'Unknown');
INSERT INTO [Client] VALUES (195, 'Amy Hall', '2019-01-15');
INSERT INTO [Contact] VALUES (311, 195, 'Aimee Toner', 'aimtoner6@mycloud.com', '18 Blackthorn Park, Burren, Co. Down', '07700 900399');
INSERT INTO [Contact] VALUES (312, 195, 'Darragh Toner', 'darraghtoner@ymail.com', '18 Blackthorn Park, Burren, Co. Down', '028 9649 6566');
INSERT INTO [Dog] VALUES (401, 195, 'Dylan', '2017-01-15', 'M', 'Unknown');
INSERT INTO [Dog] VALUES (402, 195, 'Tank', '2018-01-15', 'M', 'Unknown');
INSERT INTO [Client] VALUES (196, 'Joshua Gordon', '2019-01-22');
INSERT INTO [Contact] VALUES (313, 196, 'Harry Cairns', 'harcairns7@neutronmail.ch', '27 Reader"s Way, Downpatrick, Co. Down', '028 9649 6126');
INSERT INTO [Dog] VALUES (403, 196, 'Colby', '2016-01-22', 'M', 'Unknown');
INSERT INTO [Client] VALUES (197, 'Eimear Millar', '2019-01-28');
INSERT INTO [Contact] VALUES (314, 197, 'Sophia Boyle', 'sopboyle81@ymail.com', '9 Steeple Rd., Burren, Co. Down', '07700 900852');
INSERT INTO [Dog] VALUES (404, 197, 'Maximus', '2019-01-28', 'M', 'Unknown');
INSERT INTO [Client] VALUES (198, 'Cara Conway', '2019-02-04');
INSERT INTO [Contact] VALUES (315, 198, 'Naomi Campbell', 'naocampbell9@mail.co.uk', '8 The Crescent, Dromore, Co. Down', '07700 900511');
INSERT INTO [Contact] VALUES (316, 198, 'Caitlin Campbell', 'ccampbell74@ymail.com', '8 The Crescent, Dromore, Co. Down', '07700 900523');
INSERT INTO [Dog] VALUES (405, 198, 'Kira', '2019-02-04', 'F', 'Unknown');
INSERT INTO [Client] VALUES (199, 'Ryan Conway', '2019-02-11');
INSERT INTO [Contact] VALUES (317, 199, 'Stephen Green', 'stephengreen4@neutronmail.ch', '25 Bridge Rd., Banbridge, Co. Down', '07700 900087');
INSERT INTO [Dog] VALUES (406, 199, 'Jack', '2015-02-11', 'M', 'Unknown');
INSERT INTO [Dog] VALUES (407, 199, 'Lexi', '2017-02-11', 'F', 'Unknown');
INSERT INTO [Dog] VALUES (408, 199, 'Colby', '2019-02-11', 'M', 'Unknown');
INSERT INTO [Client] VALUES (200, 'James Hall', '2019-02-18');
INSERT INTO [Contact] VALUES (318, 200, 'Natasha Rice', 'natasharice84@coolmail.com', '22 The Crescent, Attical, Co. Down', '07700 900079');
INSERT INTO [Contact] VALUES (319, 200, 'Isaac Rice', 'irice5@ymail.com', '22 The Crescent, Attical, Co. Down', '07700 900487');
INSERT INTO [Dog] VALUES (409, 200, 'Rider', '2018-02-18', 'M', 'Unknown');
INSERT INTO [Dog] VALUES (410, 200, 'Woody', '2017-02-18', 'M', 'Unknown');
INSERT INTO [Client] VALUES (201, 'Amelia McBride', '2019-02-25');
INSERT INTO [Contact] VALUES (320, 201, 'Amy McKinney', 'amymckinney6@ymail.com', '6 Rathmore, Attical, Co. Down', '07700 900589');
INSERT INTO [Dog] VALUES (411, 201, 'Fritz', '2019-02-25', 'M', 'Unknown');
INSERT INTO [Client] VALUES (202, 'Oisin Lynch', '2019-03-04');
INSERT INTO [Contact] VALUES (321, 202, 'Lauren Hughes', 'lauhughes36@perspective.com', '8 Bryansford Rd., Antrim, Co. Antrim', '028 9649 6554');
INSERT INTO [Contact] VALUES (322, 202, 'Archie Hughes', 'ahughes@neutronmail.ch', '8 Bryansford Rd., Antrim, Co. Antrim', '028 9649 6588');
INSERT INTO [Dog] VALUES (412, 202, 'Betty', '2019-03-04', 'F', 'Unknown');
INSERT INTO [Dog] VALUES (413, 202, 'Storm', '2015-03-04', 'M', 'Unknown');
INSERT INTO [Dog] VALUES (414, 202, 'Sandy', '2018-03-04', 'F', 'Unknown');
INSERT INTO [Client] VALUES (203, 'Cara Dunlop', '2019-03-11');
INSERT INTO [Contact] VALUES (323, 203, 'Zoe Moore', 'zoemoore83@coolmail.com', '6 Hillside Park, Warrenpoint, Co. Down', '07700 900910');
INSERT INTO [Contact] VALUES (324, 203, 'Jessica Moore', 'jesmoore@neutronmail.ch', '6 Hillside Park, Warrenpoint, Co. Down', '07700 900123');
INSERT INTO [Dog] VALUES (415, 203, 'Olivia', '2015-03-11', 'F', 'Unknown');
INSERT INTO [Client] VALUES (204, 'Rebekah Mullan', '2019-03-18');
INSERT INTO [Contact] VALUES (325, 204, 'Isabella Lennon', 'isalennon@mail.co.uk', '2 Slaney Brae, Dromore, Co. Down', '07700 900774');
INSERT INTO [Contact] VALUES (326, 204, 'Chloe Lennon', 'chloelennon10@perspective.com', '2 Slaney Brae, Dromore, Co. Down', '07700 900691');
INSERT INTO [Dog] VALUES (416, 204, 'Bianca', '2018-03-18', 'F', 'Unknown');
INSERT INTO [Client] VALUES (205, 'Thomas Smyth', '2019-03-25');
INSERT INTO [Contact] VALUES (327, 205, 'Freya Robinson', 'frerobinson5@coolmail.com', '6 Reader"s Way, Downpatrick, Co. Down', '028 9649 6720');
INSERT INTO [Dog] VALUES (417, 205, 'Ned', '2018-03-25', 'M', 'Unknown');
INSERT INTO [Dog] VALUES (418, 205, 'Marley', '2017-03-25', 'M', 'Unknown');
INSERT INTO [Dog] VALUES (419, 205, 'Romeo', '2019-03-25', 'M', 'Unknown');
INSERT INTO [Client] VALUES (206, 'Cara Hamilton', '2019-04-02');
INSERT INTO [Contact] VALUES (328, 206, 'Leah Shaw', 'lshaw84@neutronmail.ch', '17 Central Park, Downpatrick, Co. Down', '028 9649 6763');
INSERT INTO [Dog] VALUES (420, 206, 'Dixie', '2017-04-02', 'F', 'Unknown');
INSERT INTO [Client] VALUES (207, 'Tyler Simpson', '2019-04-09');
INSERT INTO [Contact] VALUES (329, 207, 'William Walsh', 'williamwalsh7@mail.co.uk', '22 Doagh Rd., Carryduff, Co. Down', '07700 900403');
INSERT INTO [Contact] VALUES (330, 207, 'Jacob Walsh', 'jwalsh2@neutronmail.ch', '22 Doagh Rd., Carryduff, Co. Down', '028 9649 6052');
INSERT INTO [Dog] VALUES (421, 207, 'Vinnie', '2017-04-09', 'M', 'Unknown');
INSERT INTO [Dog] VALUES (422, 207, 'Theo', '2017-04-09', 'M', 'Unknown');
INSERT INTO [Client] VALUES (208, 'Abbie Houston', '2019-04-16');
INSERT INTO [Contact] VALUES (331, 208, 'Samuel Jones', 'samueljones83@perspective.com', '3 Meadowvale Park, Newcastle, Co. Down', '028 9649 6878');
INSERT INTO [Contact] VALUES (332, 208, 'Orla Jones', 'orlajones1@mail.co.uk', '3 Meadowvale Park, Newcastle, Co. Down', '07700 900122');
INSERT INTO [Dog] VALUES (423, 208, 'Willow', '2016-04-16', 'F', 'Unknown');
INSERT INTO [Dog] VALUES (424, 208, 'Harley', '2015-04-16', 'F', 'Unknown');
INSERT INTO [Client] VALUES (209, 'Eve Mitchell', '2019-04-24');
INSERT INTO [Contact] VALUES (333, 209, 'Ben Kane', 'bkane3@perspective.com', '31 Racecourse Cl., Dromore, Co. Down', '028 9649 6949');
INSERT INTO [Contact] VALUES (334, 209, 'Sean Kane', 'skane5@coolmail.com', '31 Racecourse Cl., Dromore, Co. Down', '07700 900128');
INSERT INTO [Dog] VALUES (425, 209, 'Smokey', '2019-04-24', 'F', 'Unknown');
INSERT INTO [Dog] VALUES (426, 209, 'Darla', '2017-04-24', 'F', 'Unknown');
INSERT INTO [Client] VALUES (210, 'Aimee Bell', '2019-05-01');
INSERT INTO [Contact] VALUES (335, 210, 'Anna Wright', 'annwright5@ymail.com', '2 Meadowvale Park, Newry, Co. Down', '07700 900721');
INSERT INTO [Dog] VALUES (427, 210, 'Chico', '2016-05-01', 'M', 'Unknown');
INSERT INTO [Dog] VALUES (428, 210, 'Damien', '2018-05-01', 'M', 'Unknown');
INSERT INTO [Client] VALUES (211, 'Louise Elliott', '2019-05-09');
INSERT INTO [Contact] VALUES (336, 211, 'Michael Stewart', 'micstewart6@mycloud.com', '19 Church St., Carryduff, Co. Down', '028 9649 6990');
INSERT INTO [Contact] VALUES (337, 211, 'Conor Stewart', 'constewart1@mycloud.com', '19 Church St., Carryduff, Co. Down', '07700 900037');
INSERT INTO [Dog] VALUES (429, 211, 'Harley', '2014-05-09', 'M', 'Unknown');
INSERT INTO [Dog] VALUES (430, 211, 'Muffin', '2017-05-09', 'F', 'Unknown');
INSERT INTO [Client] VALUES (212, 'Eva Woods', '2019-05-17');
INSERT INTO [Contact] VALUES (338, 212, 'Oliver Kearney', 'olikearney7@mail.co.uk', '5 Tudor Oaks, Newcastle, Co. Down', '028 9649 6878');
INSERT INTO [Dog] VALUES (431, 212, 'Penny', '2019-05-17', 'F', 'Unknown');
INSERT INTO [Dog] VALUES (432, 212, 'Barkley', '2018-05-17', 'M', 'Unknown');
INSERT INTO [Dog] VALUES (433, 212, 'Moxie', '2015-05-17', 'F', 'Unknown');
INSERT INTO [Client] VALUES (213, 'Shane Ferguson', '2019-05-25');
INSERT INTO [Contact] VALUES (339, 213, 'Thomas Hughes', 'thomashughes17@neutronmail.ch', '34 Central Park, Portadown, Co. Armagh', '028 9649 6874');
INSERT INTO [Contact] VALUES (340, 213, 'Abigail Hughes', 'ahughes@ymail.com', '34 Central Park, Portadown, Co. Armagh', '07700 900616');
INSERT INTO [Dog] VALUES (434, 213, 'Wrigley', '2017-05-25', 'M', 'Unknown');
INSERT INTO [Dog] VALUES (435, 213, 'Ranger', '2017-05-25', 'M', 'Unknown');
INSERT INTO [Dog] VALUES (436, 213, 'Eva', '2017-05-25', 'F', 'Unknown');
INSERT INTO [Client] VALUES (214, 'William Hamilton', '2019-06-01');
INSERT INTO [Contact] VALUES (341, 214, 'Charlie Walker', 'charliewalker29@neutronmail.ch', '19 Windsor Hill, Newcastle, Co. Down', '07700 900785');
INSERT INTO [Contact] VALUES (342, 214, 'Conor Walker', 'cwalker68@coolmail.com', '19 Windsor Hill, Newcastle, Co. Down', '028 9649 6749');
INSERT INTO [Dog] VALUES (437, 214, 'Bubba', '2015-06-01', 'M', 'Unknown');
INSERT INTO [Dog] VALUES (438, 214, 'Dylan', '2017-06-01', 'M', 'Unknown');
INSERT INTO [Dog] VALUES (439, 214, 'Kali', '2017-06-01', 'F', 'Unknown');
INSERT INTO [Client] VALUES (215, 'Ryan Morgan', '2019-06-09');
INSERT INTO [Contact] VALUES (343, 215, 'Scott Barr', 'scobarr6@coolmail.com', '33 Lagan Ct., Burren, Co. Down', '028 9649 6171');
INSERT INTO [Dog] VALUES (440, 215, 'Zelda', '2019-06-09', 'F', 'Unknown');
INSERT INTO [Dog] VALUES (441, 215, 'Jessie', '2019-06-09', 'F', 'Unknown');
INSERT INTO [Dog] VALUES (442, 215, 'Alden', '2015-06-09', 'M', 'Unknown');
INSERT INTO [Client] VALUES (216, 'Kyle Johnston', '2019-06-18');
INSERT INTO [Contact] VALUES (344, 216, 'Erin O"Reilly', 'erio"reilly8@mycloud.com', '30 The Crescent, Antrim, Co. Antrim', '07700 900272');
INSERT INTO [Contact] VALUES (345, 216, 'Jamie O"Reilly', 'jamo"reilly@mycloud.com', '30 The Crescent, Antrim, Co. Antrim', '07700 900737');
INSERT INTO [Dog] VALUES (443, 216, 'Gus', '2017-06-18', 'M', 'Unknown');
INSERT INTO [Dog] VALUES (444, 216, 'Eli', '2019-06-18', 'M', 'Unknown');
INSERT INTO [Client] VALUES (217, 'Faith Mullan', '2019-06-26');
INSERT INTO [Contact] VALUES (346, 217, 'Alfie Rooney', 'arooney@mail.co.uk', '33 Kernan Rd., Craigavon, Co. Armagh', '07700 900142');
INSERT INTO [Dog] VALUES (445, 217, 'Ollie', '2019-06-26', 'M', 'Unknown');
INSERT INTO [Dog] VALUES (446, 217, 'Tesla', '2019-06-26', 'M', 'Unknown');
INSERT INTO [Dog] VALUES (447, 217, 'AJ', '2015-06-26', 'M', 'Unknown');
INSERT INTO [Client] VALUES (218, 'Jake Boyd', '2019-07-04');
INSERT INTO [Contact] VALUES (347, 218, 'Aaron Campbell', 'acampbell@ymail.com', '31 Broadlands, Attical, Co. Down', '028 9649 6822');
INSERT INTO [Dog] VALUES (448, 218, 'Porter', '2018-07-04', 'M', 'Unknown');
INSERT INTO [Dog] VALUES (449, 218, 'Shadow', '2018-07-04', 'F', 'Unknown');
INSERT INTO [Dog] VALUES (450, 218, 'Lexi', '2019-07-04', 'F', 'Unknown');
INSERT INTO [Client] VALUES (219, 'Ellen Hamilton', '2019-07-12');
INSERT INTO [Contact] VALUES (348, 219, 'Emily Mitchell', 'emitchell@mail.co.uk', '13 Broadlands, Carrickfergus, Co. Antrim', '07700 900058');
INSERT INTO [Contact] VALUES (349, 219, 'Hollie Mitchell', 'hmitchell27@mail.co.uk', '13 Broadlands, Carrickfergus, Co. Antrim', '028 9649 6669');
INSERT INTO [Dog] VALUES (451, 219, 'Harley', '2017-07-12', 'F', 'Unknown');
INSERT INTO [Client] VALUES (220, 'Ciaran Millar', '2019-07-21');
INSERT INTO [Contact] VALUES (350, 220, 'Eva Wright', 'evawright8@perspective.com', '17 Doagh Rd., Attical, Co. Down', '07700 900013');
INSERT INTO [Dog] VALUES (452, 220, 'Sasha', '2019-07-21', 'F', 'Unknown');
INSERT INTO [Dog] VALUES (453, 220, 'Rebel', '2016-07-21', 'M', 'Unknown');
INSERT INTO [Client] VALUES (221, 'Emily Russell', '2019-07-30');
INSERT INTO [Contact] VALUES (351, 221, 'Ella White', 'ellawhite@perspective.com', '38 Well Rd., Antrim, Co. Antrim', '07700 900276');
INSERT INTO [Dog] VALUES (454, 221, 'Muffin', '2017-07-30', 'F', 'Unknown');
INSERT INTO [Dog] VALUES (455, 221, 'Trixie', '2015-07-30', 'F', 'Unknown');
INSERT INTO [Dog] VALUES (456, 221, 'Odin', '2016-07-30', 'M', 'Unknown');
INSERT INTO [Client] VALUES (222, 'Ben Spence', '2019-08-07');
INSERT INTO [Contact] VALUES (352, 222, 'Isla Elliott', 'islaelliott7@ymail.com', '10 Steeple Rd., Carrickfergus, Co. Antrim', '028 9649 6484');
INSERT INTO [Contact] VALUES (353, 222, 'Aimee Elliott', 'aimeeelliott1@neutronmail.ch', '10 Steeple Rd., Carrickfergus, Co. Antrim', '028 9649 6122');
INSERT INTO [Dog] VALUES (457, 222, 'London', '2017-08-07', 'F', 'Unknown');
INSERT INTO [Client] VALUES (223, 'Holly Doherty', '2019-08-16');
INSERT INTO [Contact] VALUES (354, 223, 'Rhianna Green', 'rhigreen34@coolmail.com', '17 Hillside Park, Newcastle, Co. Down', '07700 900189');
INSERT INTO [Contact] VALUES (355, 223, 'Peter Green', 'petergreen@mycloud.com', '17 Hillside Park, Newcastle, Co. Down', '028 9649 6917');
INSERT INTO [Dog] VALUES (458, 223, 'Lacy', '2019-08-16', 'F', 'Unknown');
INSERT INTO [Client] VALUES (224, 'Katie Doherty', '2019-08-25');
INSERT INTO [Contact] VALUES (356, 224, 'Jack Cunningham', 'jackcunningham93@coolmail.com', '22 Moss Ln., Kilkeel, Co. Down', '028 9649 6631');
INSERT INTO [Dog] VALUES (459, 224, 'Daphne', '2017-08-25', 'F', 'Unknown');
INSERT INTO [Dog] VALUES (460, 224, 'Abby', '2019-08-25', 'F', 'Unknown');
INSERT INTO [Client] VALUES (225, 'Grace Henderson', '2019-09-03');
INSERT INTO [Contact] VALUES (357, 225, 'Caitlin Graham', 'caigraham40@ymail.com', '7 Church St., Newcastle, Co. Down', '028 9649 6894');
INSERT INTO [Dog] VALUES (461, 225, 'Carla', '2019-09-03', 'F', 'Unknown');
INSERT INTO [Dog] VALUES (462, 225, 'George', '2019-09-03', 'M', 'Unknown');
INSERT INTO [Client] VALUES (226, 'Shane McDonald', '2019-09-12');
INSERT INTO [Contact] VALUES (358, 226, 'Darragh McGuigan', 'darraghmcguigan@mail.co.uk', '21 Well Rd., Warrenpoint, Co. Down', '07700 900126');
INSERT INTO [Dog] VALUES (463, 226, 'Cody', '2017-09-12', 'M', 'Unknown');
INSERT INTO [Dog] VALUES (464, 226, 'Diesel', '2019-09-12', 'M', 'Unknown');
INSERT INTO [Client] VALUES (227, 'Eoin Smyth', '2019-09-22');
INSERT INTO [Contact] VALUES (359, 227, 'Ben Johnston', 'benjohnston7@coolmail.com', '37 Rathmore, Kilkeel, Co. Down', '028 9649 6903');
INSERT INTO [Contact] VALUES (360, 227, 'Anna Johnston', 'annajohnston41@mail.co.uk', '37 Rathmore, Kilkeel, Co. Down', '028 9649 6860');
INSERT INTO [Dog] VALUES (465, 227, 'Nelson', '2019-09-22', 'M', 'Unknown');
INSERT INTO [Client] VALUES (228, 'Ella Brown', '2019-10-01');
INSERT INTO [Contact] VALUES (361, 228, 'Adam Magill', 'adammagill@mail.co.uk', '17 Racecourse Cl., Dromore, Co. Down', '07700 900742');
INSERT INTO [Dog] VALUES (466, 228, 'Fiona', '2018-10-01', 'F', 'Unknown');
INSERT INTO [Client] VALUES (229, 'Holly Cassidy', '2019-10-11');
INSERT INTO [Contact] VALUES (362, 229, 'Sarah Foster', 'sarahfoster0@coolmail.com', '21 Mourne Grange, Newcastle, Co. Down', '028 9649 6905');
INSERT INTO [Dog] VALUES (467, 229, 'Amber', '2016-10-11', 'F', 'Unknown');
INSERT INTO [Client] VALUES (230, 'Adam Black', '2019-10-21');
INSERT INTO [Contact] VALUES (363, 230, 'Jay Maguire', 'jaymaguire6@mail.co.uk', '35 Barrack St., Carryduff, Co. Down', '07700 900274');
INSERT INTO [Dog] VALUES (468, 230, 'Trapper', '2014-10-21', 'M', 'Unknown');
INSERT INTO [Dog] VALUES (469, 230, 'Sissy', '2018-10-21', 'F', 'Unknown');
INSERT INTO [Client] VALUES (231, 'Callum Mallon', '2019-10-31');
INSERT INTO [Contact] VALUES (364, 231, 'Patrick Montgomery', 'patmontgomery@ymail.com', '39 Mill Rd., Portadown, Co. Armagh', '028 9649 6657');
INSERT INTO [Contact] VALUES (365, 231, 'Aaron Montgomery', 'aarmontgomery@perspective.com', '39 Mill Rd., Portadown, Co. Armagh', '07700 900382');
INSERT INTO [Dog] VALUES (470, 231, 'Felix', '2018-10-31', 'M', 'Unknown');
INSERT INTO [Client] VALUES (232, 'Matthew Craig', '2019-11-10');
INSERT INTO [Contact] VALUES (366, 232, 'Samuel Ross', 'sross@coolmail.com', '21 Mill Rd., Carryduff, Co. Down', '07700 900395');
INSERT INTO [Dog] VALUES (471, 232, 'Carter', '2019-11-10', 'M', 'Unknown');
INSERT INTO [Dog] VALUES (472, 232, 'Butch', '2017-11-10', 'M', 'Unknown');
INSERT INTO [Dog] VALUES (473, 232, 'Summer', '2016-11-10', 'F', 'Unknown');
INSERT INTO [Client] VALUES (233, 'Amelia Connolly', '2019-11-20');
INSERT INTO [Contact] VALUES (367, 233, 'Patrick Bradley', 'patbradley6@neutronmail.ch', '27 Church St., Craigavon, Co. Armagh', '028 9649 6647');
INSERT INTO [Dog] VALUES (474, 233, 'Dante', '2019-11-20', 'M', 'Unknown');
INSERT INTO [Client] VALUES (234, 'Ryan Curran', '2019-12-01');
INSERT INTO [Contact] VALUES (368, 234, 'Jamie Carson', 'jcarson06@mycloud.com', '22 Rathmore, Dungannon, Co. Tyrone', '07700 900656');
INSERT INTO [Dog] VALUES (475, 234, 'Tyler', '2018-12-01', 'M', 'Unknown');
INSERT INTO [Client] VALUES (235, 'Robert Murray', '2019-12-12');
INSERT INTO [Contact] VALUES (369, 235, 'Freya Moore', 'freyamoore38@mycloud.com', '30 Lurgan Rd., Balleyclare, Co. Antrim', '028 9649 6864');
INSERT INTO [Contact] VALUES (370, 235, 'Daniel Moore', 'danielmoore66@mycloud.com', '30 Lurgan Rd., Balleyclare, Co. Antrim', '028 9649 6913');
INSERT INTO [Dog] VALUES (476, 235, 'Jackie', '2019-12-12', 'F', 'Unknown');
INSERT INTO [Dog] VALUES (477, 235, 'Piper', '2016-12-12', 'F', 'Unknown');
INSERT INTO [Dog] VALUES (478, 235, 'Sandy', '2017-12-12', 'F', 'Unknown');
INSERT INTO [Client] VALUES (236, 'Lewis Hall', '2019-12-23');
INSERT INTO [Contact] VALUES (371, 236, 'Emily Burns', 'emiburns@mail.co.uk', '12 Tolleymore Rd., Burren, Co. Down', '028 9649 6200');
INSERT INTO [Dog] VALUES (479, 236, 'Betsy', '2017-12-23', 'F', 'Unknown');
INSERT INTO [Dog] VALUES (480, 236, 'Wyatt', '2017-12-23', 'M', 'Unknown');
INSERT INTO [Dog] VALUES (481, 236, 'Romeo', '2018-12-23', 'M', 'Unknown');
INSERT INTO [Client] VALUES (237, 'Rebekah O"Hagan', '2020-01-03');
INSERT INTO [Contact] VALUES (372, 237, 'Christopher Sloan', 'chrsloan@coolmail.com', '36 Bridge Rd., Dromore, Co. Down', '07700 900718');
INSERT INTO [Contact] VALUES (373, 237, 'Luke Sloan', 'lsloan33@neutronmail.ch', '36 Bridge Rd., Dromore, Co. Down', '028 9649 6882');
INSERT INTO [Dog] VALUES (482, 237, 'Gus', '2015-01-03', 'M', 'Unknown');
INSERT INTO [Client] VALUES (238, 'Annie Weir', '2020-01-14');
INSERT INTO [Contact] VALUES (374, 238, 'Anna Bell', 'annbell63@ymail.com', '6 Central Park, Banbridge, Co. Down', '07700 900015');
INSERT INTO [Contact] VALUES (375, 238, 'Charlotte Bell', 'cbell@mycloud.com', '6 Central Park, Banbridge, Co. Down', '028 9649 6907');
INSERT INTO [Dog] VALUES (483, 238, 'Wally', '2020-01-14', 'M', 'Unknown');
INSERT INTO [Dog] VALUES (484, 238, 'Hoss', '2020-01-14', 'M', 'Unknown');
INSERT INTO [Dog] VALUES (485, 238, 'Loki', '2020-01-14', 'M', 'Unknown');
INSERT INTO [Client] VALUES (239, 'Alexander Clarke', '2020-01-26');
INSERT INTO [Contact] VALUES (376, 239, 'Lucas Hughes', 'luchughes11@coolmail.com', '8 Harbour Rd., Attical, Co. Down', '07700 900616');
INSERT INTO [Dog] VALUES (486, 239, 'Foxy', '2016-01-26', 'F', 'Unknown');
INSERT INTO [Dog] VALUES (487, 239, 'Louie', '2018-01-26', 'M', 'Unknown');
INSERT INTO [Client] VALUES (240, 'Molly Donnelly', '2020-02-07');
INSERT INTO [Contact] VALUES (377, 240, 'Samuel Robinson', 'samrobinson6@ymail.com', '3 Hillside Park, Carryduff, Co. Down', '028 9649 6839');
INSERT INTO [Dog] VALUES (488, 240, 'Athena', '2018-02-07', 'F', 'Unknown');
INSERT INTO [Dog] VALUES (489, 240, 'Trixie', '2018-02-07', 'F', 'Unknown');
INSERT INTO [Dog] VALUES (490, 240, 'Ivy', '2016-02-07', 'F', 'Unknown');
INSERT INTO [Client] VALUES (241, 'Grace Higgins', '2020-02-19');
INSERT INTO [Contact] VALUES (378, 241, 'Jamie Clarke', 'jamclarke@coolmail.com', '14 Blackthorn Park, Coalisland, Co. Tyrone', '07700 900034');
INSERT INTO [Dog] VALUES (491, 241, 'Felix', '2018-02-19', 'M', 'Unknown');
INSERT INTO [Dog] VALUES (492, 241, 'Miles', '2020-02-19', 'M', 'Unknown');
INSERT INTO [Client] VALUES (242, 'Ava Devlin', '2020-03-02');
INSERT INTO [Contact] VALUES (379, 242, 'Eoin McDowell', 'emcdowell9@mycloud.com', '20 Church St., Dungannon, Co. Tyrone', '028 9649 6409');
INSERT INTO [Dog] VALUES (493, 242, 'Joey', '2016-03-02', 'M', 'Unknown');
INSERT INTO [Dog] VALUES (494, 242, 'Sally', '2017-03-02', 'F', 'Unknown');
INSERT INTO [Dog] VALUES (495, 242, 'Toby', '2017-03-02', 'M', 'Unknown');
INSERT INTO [Client] VALUES (243, 'Nicole Black', '2020-03-15');
INSERT INTO [Contact] VALUES (380, 243, 'Laura McKay', 'lmckay8@mycloud.com', '12 Spelga Ave., Newry, Co. Down', '028 9649 6636');
INSERT INTO [Contact] VALUES (381, 243, 'Sophie McKay', 'sopmckay8@ymail.com', '12 Spelga Ave., Newry, Co. Down', '028 9649 6253');
INSERT INTO [Dog] VALUES (496, 243, 'Lucky', '2017-03-15', 'M', 'Unknown');
INSERT INTO [Dog] VALUES (497, 243, 'Parker', '2018-03-15', 'M', 'Unknown');
INSERT INTO [Client] VALUES (244, 'Holly Bailey', '2020-03-28');
INSERT INTO [Contact] VALUES (382, 244, 'Hannah Simpson', 'hansimpson27@neutronmail.ch', '15 Kingsway Dr., Kilkeel, Co. Down', '07700 900983');
INSERT INTO [Contact] VALUES (383, 244, 'Erin Simpson', 'erisimpson42@neutronmail.ch', '15 Kingsway Dr., Kilkeel, Co. Down', '07700 900297');
INSERT INTO [Dog] VALUES (498, 244, 'Elsa', '2020-03-28', 'F', 'Unknown');
INSERT INTO [Client] VALUES (245, 'Amelia Irwin', '2020-04-11');
INSERT INTO [Contact] VALUES (384, 245, 'Chloe Grant', 'cgrant87@mycloud.com', '25 Hampton Rise, Coalisland, Co. Tyrone', '07700 900507');
INSERT INTO [Dog] VALUES (499, 245, 'Lulu', '2019-04-11', 'F', 'Unknown');
INSERT INTO [Dog] VALUES (500, 245, 'Chester', '2018-04-11', 'M', 'Unknown');
INSERT INTO [Dog] VALUES (501, 245, 'Gigi', '2020-04-11', 'F', 'Unknown');
INSERT INTO [Client] VALUES (246, 'Aimee Smith', '2020-04-25');
INSERT INTO [Contact] VALUES (385, 246, 'Oliver Davies', 'olidavies5@ymail.com', '22 Moyad Rd., Kilkeel, Co. Down', '028 9649 6840');
INSERT INTO [Contact] VALUES (386, 246, 'Scarlett Davies', 'sdavies9@mycloud.com', '22 Moyad Rd., Kilkeel, Co. Down', '07700 900521');
INSERT INTO [Dog] VALUES (502, 246, 'Cookie', '2020-04-25', 'F', 'Unknown');
INSERT INTO [Dog] VALUES (503, 246, 'Shamus', '2017-04-25', 'M', 'Unknown');
INSERT INTO [Client] VALUES (247, 'William Greer', '2020-05-09');
INSERT INTO [Contact] VALUES (387, 247, 'Ben Scott', 'benscott@mail.co.uk', '36 Island Rd., Newry, Co. Down', '028 9649 6211');
INSERT INTO [Dog] VALUES (504, 247, 'Sophie', '2016-05-09', 'F', 'Unknown');
INSERT INTO [Dog] VALUES (505, 247, 'Bailey', '2019-05-09', 'M', 'Unknown');
INSERT INTO [Client] VALUES (248, 'Bella Douglas', '2020-05-23');
INSERT INTO [Contact] VALUES (388, 248, 'Shea Gibson', 'shegibson@mycloud.com', '19 Central Park, Balleyclare, Co. Antrim', '028 9649 6851');
INSERT INTO [Dog] VALUES (506, 248, 'Cinnamon', '2019-05-23', 'F', 'Unknown');
INSERT INTO [Dog] VALUES (507, 248, 'Sydney', '2017-05-23', 'F', 'Unknown');
INSERT INTO [Dog] VALUES (508, 248, 'Kiki', '2019-05-23', 'F', 'Unknown');
INSERT INTO [Client] VALUES (249, 'Erin Taylor', '2020-06-07');
INSERT INTO [Contact] VALUES (389, 249, 'Eimear Johnston', 'ejohnston@ymail.com', '19 Racecourse Cl., Kilkeel, Co. Down', '07700 900916');
INSERT INTO [Dog] VALUES (509, 249, 'Dixie', '2017-06-07', 'F', 'Unknown');
INSERT INTO [Dog] VALUES (510, 249, 'Miley', '2014-06-07', 'F', 'Unknown');
INSERT INTO [Client] VALUES (250, 'Ellie Carson', '2020-06-23');
INSERT INTO [Contact] VALUES (390, 250, 'Lucas Crawford', 'luccrawford38@coolmail.com', '38 Meadowvale Park, Attical, Co. Down', '07700 900705');
INSERT INTO [Dog] VALUES (511, 250, 'Murphy', '2018-06-23', 'M', 'Unknown');
INSERT INTO [Dog] VALUES (512, 250, 'Cassie', '2020-06-23', 'F', 'Unknown');
INSERT INTO [Client] VALUES (251, 'Niamh Irwin', '2020-07-09');
INSERT INTO [Contact] VALUES (391, 251, 'Luke Devlin', 'ldevlin@mycloud.com', '9 Windsor Hill, Antrim, Co. Antrim', '07700 900309');
INSERT INTO [Contact] VALUES (392, 251, 'Sean Devlin', 'seandevlin0@perspective.com', '9 Windsor Hill, Antrim, Co. Antrim', '028 9649 6767');
INSERT INTO [Dog] VALUES (513, 251, 'Goldie', '2019-07-09', 'F', 'Unknown');
INSERT INTO [Dog] VALUES (514, 251, 'Logan', '2017-07-09', 'M', 'Unknown');
